[{"model": "core.customuser", "pk": 1, "fields": {"password": "pbkdf2_sha256$1000000$7VpwDUEkl3NzxrioQnoMBP$dlP0cQ7OxXoSvxkeGspVQIjI4kqD4baJk4DWlxAvnKc=", "last_login": "2025-07-17T12:11:56.370Z", "is_superuser": true, "student_id": "241692", "full_name": "Daniel Aiken Eduardo", "contact_number": "09216405905", "email": "daniel.aiken.eduardo@student.ateneo.edu", "date_joined": "2025-07-15T19:24:03.649Z", "is_active": true, "is_staff": true, "blacklisted": false, "groups": [], "user_permissions": []}}, {"model": "core.customuser", "pk": 2, "fields": {"password": "pbkdf2_sha256$1000000$eNomB2vWPioB3buZJO2OKa$lqOkj3pAbpshFbxozHYwXvkCLv9XhM040J9GHBa9vjw=", "last_login": "2025-07-16T11:58:45.238Z", "is_superuser": true, "student_id": "246786", "full_name": "Sharlize Lauren Yu", "contact_number": "09175017394", "email": "sharlize.lauren.yu@student.ateneo.edu", "date_joined": "2025-07-15T19:24:57.949Z", "is_active": true, "is_staff": true, "blacklisted": false, "groups": [], "user_permissions": []}}, {"model": "core.customuser", "pk": 5, "fields": {"password": "pbkdf2_sha256$1000000$fhevYy6Y3unyh6OV40uexe$0qQBBDaefRfovyZWn/2kp+jyAdS8llh0u6O8MqdxcuY=", "last_login": null, "is_superuser": false, "student_id": "BAE123", "full_name": "Baekiri Admin", "contact_number": "09123456789", "email": "bae123@example.com", "date_joined": "2025-07-16T08:18:28.893Z", "is_active": true, "is_staff": true, "blacklisted": false, "groups": [], "user_permissions": []}}, {"model": "core.customuser", "pk": 6, "fields": {"password": "pbkdf2_sha256$1000000$zdTdnBlzAjo3g9kRXwW4MT$JigMMcVZvQ2UBkVJl1R1RP5JsOgP936tRl65gFU7kP8=", "last_login": null, "is_superuser": false, "student_id": "BES123", "full_name": "Beso Admin", "contact_number": "09123456789", "email": "bes123@example.com", "date_joined": "2025-07-16T08:18:29.025Z", "is_active": true, "is_staff": true, "blacklisted": false, "groups": [], "user_permissions": []}}, {"model": "core.customuser", "pk": 7, "fields": {"password": "pbkdf2_sha256$1000000$WGXoBOhyk0ThH4JEFdXCvv$3iVyqQe5giXAipY+f0a7W/MGWsbjJ/8JeG6Y3sJ+fGo=", "last_login": null, "is_superuser": false, "student_id": "BUS123", "full_name": "Busan Cafe Admin", "contact_number": "09123456789", "email": "bus123@example.com", "date_joined": "2025-07-16T08:18:29.154Z", "is_active": true, "is_staff": true, "blacklisted": false, "groups": [], "user_permissions": []}}, {"model": "core.customuser", "pk": 8, "fields": {"password": "pbkdf2_sha256$1000000$VNmbxj1VYVKEMZW0AT4kjm$uDByndLXd0zJnlCEpprhjdisble23w2EILHZEMgoxr0=", "last_login": "2025-07-16T21:41:31.196Z", "is_superuser": false, "student_id": "DAY123", "full_name": "Day Off Admin", "contact_number": "09123456789", "email": "day123@example.com", "date_joined": "2025-07-16T08:18:29.286Z", "is_active": true, "is_staff": true, "blacklisted": false, "groups": [], "user_permissions": []}}, {"model": "core.customuser", "pk": 9, "fields": {"password": "pbkdf2_sha256$1000000$jWUiMTDUnSW7DhLHF98Pqq$8yj+o0Rwd6s+BEWRPzJd/XWV7ysY/yiISVItoDbWxWA=", "last_login": "2025-07-16T10:15:25.194Z", "is_superuser": false, "student_id": "GHE123", "full_name": "GHE Admin", "contact_number": "09123456789", "email": "ghe123@example.com", "date_joined": "2025-07-16T08:18:29.418Z", "is_active": true, "is_staff": true, "blacklisted": false, "groups": [], "user_permissions": []}}, {"model": "core.customuser", "pk": 10, "fields": {"password": "pbkdf2_sha256$1000000$8XkA0DTTVe9VjaFjjDwrQ6$gthc1zxggajILsQhRjsl54TXU1Hmik9b8nPtB/MVTE4=", "last_login": null, "is_superuser": false, "student_id": "KEB123", "full_name": "Kebros Admin", "contact_number": "09123456789", "email": "keb123@example.com", "date_joined": "2025-07-16T08:18:29.547Z", "is_active": true, "is_staff": true, "blacklisted": false, "groups": [], "user_permissions": []}}, {"model": "core.customuser", "pk": 11, "fields": {"password": "pbkdf2_sha256$1000000$umaiNVkT8gDragIfa3Hh8j$B5VjdLQWwOG74MfixbpggLasxjJ612hAX4RDMQv3O7I=", "last_login": null, "is_superuser": false, "student_id": "KHA123", "full_name": "Khao San Admin", "contact_number": "09123456789", "email": "kha123@example.com", "date_joined": "2025-07-16T08:18:29.678Z", "is_active": true, "is_staff": true, "blacklisted": false, "groups": [], "user_permissions": []}}, {"model": "core.customuser", "pk": 12, "fields": {"password": "pbkdf2_sha256$1000000$P9TeVYpLRKjiFJYHhAnn4a$/xTtq+rnRe7P3uTtEsUzrz3N0+kVm0T2HaRKvp9Zu+Y=", "last_login": null, "is_superuser": false, "student_id": "KOM123", "full_name": "Komo Admin", "contact_number": "09123456789", "email": "kom123@example.com", "date_joined": "2025-07-16T08:18:29.809Z", "is_active": true, "is_staff": true, "blacklisted": false, "groups": [], "user_permissions": []}}, {"model": "core.customuser", "pk": 13, "fields": {"password": "pbkdf2_sha256$1000000$6hwrUx9b0r8fVCAmSaj0b8$ilnfIf9e7DcILHxTfIs1pKJhVqoFkntZxPm8lVtByJ4=", "last_login": null, "is_superuser": false, "student_id": "LAM123", "full_name": "Lamon Admin", "contact_number": "09123456789", "email": "lam123@example.com", "date_joined": "2025-07-16T08:18:29.938Z", "is_active": true, "is_staff": true, "blacklisted": false, "groups": [], "user_permissions": []}}, {"model": "core.customuser", "pk": 14, "fields": {"password": "pbkdf2_sha256$1000000$nU68hiLI7hGBEgazZ6MnSv$ItnPcp2RWroDeetUTOGeqFtSxmWA/s/y1yhkmcx9kXI=", "last_login": null, "is_superuser": false, "student_id": "MAD123", "full_name": "Made Italian by Hanan Admin", "contact_number": "09123456789", "email": "mad123@example.com", "date_joined": "2025-07-16T08:18:30.067Z", "is_active": true, "is_staff": true, "blacklisted": false, "groups": [], "user_permissions": []}}, {"model": "core.customuser", "pk": 15, "fields": {"password": "pbkdf2_sha256$1000000$BFeo5RzuuQQzqDx4s27Zn1$cfMZUp00+uKs+CpmzPlYWlqDVqBUqBU4GfAAtWZXPSE=", "last_login": null, "is_superuser": false, "student_id": "MAK123", "full_name": "Makan Admin", "contact_number": "09123456789", "email": "mak123@example.com", "date_joined": "2025-07-16T08:18:30.197Z", "is_active": true, "is_staff": true, "blacklisted": false, "groups": [], "user_permissions": []}}, {"model": "core.customuser", "pk": 16, "fields": {"password": "pbkdf2_sha256$1000000$Vqwhc8T98pilsEoYeKcych$mukPXhPkDIp8ikYJ9HHobBX7P8wj1Q0IAuvW3Z83arY=", "last_login": null, "is_superuser": false, "student_id": "NOK123", "full_name": "Nokoru Admin", "contact_number": "09123456789", "email": "nok123@example.com", "date_joined": "2025-07-16T08:18:30.328Z", "is_active": true, "is_staff": true, "blacklisted": false, "groups": [], "user_permissions": []}}, {"model": "core.customuser", "pk": 17, "fields": {"password": "pbkdf2_sha256$1000000$7CqhBk5w11PEcT1iEeApe7$8vk1f2EMz5FHi45P9zuq1vnO00TH9lUbwpFu3Ec2G1I=", "last_login": null, "is_superuser": false, "student_id": "SHA123", "full_name": "Shabooga Admin", "contact_number": "09123456789", "email": "sha123@example.com", "date_joined": "2025-07-16T08:18:30.460Z", "is_active": true, "is_staff": true, "blacklisted": false, "groups": [], "user_permissions": []}}, {"model": "core.customuser", "pk": 18, "fields": {"password": "pbkdf2_sha256$1000000$5fuKSUofljNlAmzHTSiL1A$Uw7nhZ54EPuOOEwOeBf1U+/zyGMcyL+wORAFdRiq5W8=", "last_login": null, "is_superuser": false, "student_id": "SIM123", "full_name": "Simply Admin", "contact_number": "09123456789", "email": "sim123@example.com", "date_joined": "2025-07-16T08:18:30.590Z", "is_active": true, "is_staff": true, "blacklisted": false, "groups": [], "user_permissions": []}}, {"model": "core.customuser", "pk": 19, "fields": {"password": "pbkdf2_sha256$1000000$icEfhaAdR9kUwWE2SFK0iS$cRqvrpl7B7jIvcvCmU7mM+Siw0O/DEeAEwStk1u81qk=", "last_login": null, "is_superuser": false, "student_id": "SMO123", "full_name": "Smok’d Admin", "contact_number": "09123456789", "email": "smo123@example.com", "date_joined": "2025-07-16T08:18:30.720Z", "is_active": true, "is_staff": true, "blacklisted": false, "groups": [], "user_permissions": []}}, {"model": "core.customuser", "pk": 20, "fields": {"password": "pbkdf2_sha256$1000000$6krguOfHr2X5jt9PznclBk$ezpg6spD8kWgLDm2Q89TxQZjgZyhMpA/IeBPQnzF6zI=", "last_login": "2025-07-17T12:10:45.973Z", "is_superuser": false, "student_id": "WOK123", "full_name": "Wokwei Admin", "contact_number": "09123456789", "email": "wok123@example.com", "date_joined": "2025-07-16T08:18:30.851Z", "is_active": true, "is_staff": true, "blacklisted": false, "groups": [], "user_permissions": []}}, {"model": "core.stall", "pk": 1, "fields": {"name": "Baekiri", "owner": 5, "logo_filename": "baekiri.jpg", "average_lead_time": 15, "closing_time": null}}, {"model": "core.stall", "pk": 2, "fields": {"name": "Beso", "owner": 6, "logo_filename": "beso.jpg", "average_lead_time": 15, "closing_time": null}}, {"model": "core.stall", "pk": 3, "fields": {"name": "Busan Cafe", "owner": 7, "logo_filename": "busancafe.jpg", "average_lead_time": 15, "closing_time": null}}, {"model": "core.stall", "pk": 4, "fields": {"name": "Day Off", "owner": 8, "logo_filename": "dayoff.jpg", "average_lead_time": 15, "closing_time": null}}, {"model": "core.stall", "pk": 5, "fields": {"name": "GHE", "owner": 9, "logo_filename": "ghe.jpg", "average_lead_time": 15, "closing_time": null}}, {"model": "core.stall", "pk": 6, "fields": {"name": "Kebros", "owner": 10, "logo_filename": "kebros.jpg", "average_lead_time": 15, "closing_time": null}}, {"model": "core.stall", "pk": 7, "fields": {"name": "Khao San", "owner": 11, "logo_filename": "khaosan.jpg", "average_lead_time": 15, "closing_time": null}}, {"model": "core.stall", "pk": 8, "fields": {"name": "Komo", "owner": 12, "logo_filename": "komo.jpg", "average_lead_time": 15, "closing_time": null}}, {"model": "core.stall", "pk": 9, "fields": {"name": "Lamon", "owner": 13, "logo_filename": "lamon.jpg", "average_lead_time": 15, "closing_time": null}}, {"model": "core.stall", "pk": 10, "fields": {"name": "Made Italian by Hanan", "owner": 14, "logo_filename": "madeitalianbyhanan.jpg", "average_lead_time": 15, "closing_time": null}}, {"model": "core.stall", "pk": 11, "fields": {"name": "Makan", "owner": 15, "logo_filename": "makan.jpg", "average_lead_time": 15, "closing_time": null}}, {"model": "core.stall", "pk": 12, "fields": {"name": "Nokoru", "owner": 16, "logo_filename": "nokoru.jpg", "average_lead_time": 15, "closing_time": null}}, {"model": "core.stall", "pk": 13, "fields": {"name": "Shabooga", "owner": 17, "logo_filename": "shabooga.jpg", "average_lead_time": 15, "closing_time": null}}, {"model": "core.stall", "pk": 14, "fields": {"name": "Simply", "owner": 18, "logo_filename": "simply.jpg", "average_lead_time": 15, "closing_time": null}}, {"model": "core.stall", "pk": 15, "fields": {"name": "Smok’d", "owner": 19, "logo_filename": "smokd.jpg", "average_lead_time": 15, "closing_time": null}}, {"model": "core.stall", "pk": 16, "fields": {"name": "Wokwei", "owner": 20, "logo_filename": "wokwei.jpg", "average_lead_time": 15, "closing_time": null}}, {"model": "core.menuitem", "pk": 1, "fields": {"stall": 8, "name": "Chicken Pollo Gyro Wrap", "description": "", "price": "120.00", "category": "Food"}}, {"model": "core.menuitem", "pk": 2, "fields": {"stall": 8, "name": "Beef Pollo Gyro Wrap", "description": "", "price": "149.00", "category": "Food"}}, {"model": "core.menuitem", "pk": 3, "fields": {"stall": 8, "name": "Viva La Nacho", "description": "", "price": "199.00", "category": "Food"}}, {"model": "core.menuitem", "pk": 4, "fields": {"stall": 8, "name": "Miel Ajo", "description": "", "price": "149.00", "category": "Food"}}, {"model": "core.menuitem", "pk": 5, "fields": {"stall": 8, "name": "Citrus Chicken", "description": "", "price": "149.00", "category": "Food"}}, {"model": "core.menuitem", "pk": 6, "fields": {"stall": 8, "name": "Honey-Glazed Chicken", "description": "", "price": "149.00", "category": "Food"}}, {"model": "core.menuitem", "pk": 7, "fields": {"stall": 1, "name": "Aegyo in Pancake", "description": "", "price": "130.00", "category": "Food"}}, {"model": "core.menuitem", "pk": 8, "fields": {"stall": 1, "name": "Power Chikki in Pancake", "description": "", "price": "130.00", "category": "Food"}}, {"model": "core.menuitem", "pk": 9, "fields": {"stall": 1, "name": "Healthy Yassai in Pancake", "description": "", "price": "130.00", "category": "Food"}}, {"model": "core.menuitem", "pk": 10, "fields": {"stall": 1, "name": "Chikki-Ya in Pancake", "description": "", "price": "150.00", "category": "Food"}}, {"model": "core.menuitem", "pk": 11, "fields": {"stall": 1, "name": "Aegyo in Bun", "description": "", "price": "130.00", "category": "Food"}}, {"model": "core.menuitem", "pk": 12, "fields": {"stall": 1, "name": "Power Chikki in Bun", "description": "", "price": "130.00", "category": "Food"}}, {"model": "core.menuitem", "pk": 13, "fields": {"stall": 1, "name": "Healthy Yassai in Bun", "description": "", "price": "130.00", "category": "Food"}}, {"model": "core.menuitem", "pk": 14, "fields": {"stall": 1, "name": "Chikki - Ya in Bun", "description": "", "price": "150.00", "category": "Food"}}, {"model": "core.menuitem", "pk": 15, "fields": {"stall": 1, "name": "Classic Stuffed Potato", "description": "", "price": "160.00", "category": "Food"}}, {"model": "core.menuitem", "pk": 16, "fields": {"stall": 1, "name": "Cajun Chikki Stuffed Potato", "description": "", "price": "178.00", "category": "Food"}}, {"model": "core.menuitem", "pk": 17, "fields": {"stall": 1, "name": "Baecyo Stuffed Potato", "description": "", "price": "178.00", "category": "Food"}}, {"model": "core.menuitem", "pk": 18, "fields": {"stall": 1, "name": "Curry Cheese Stuffed Potato", "description": "", "price": "178.00", "category": "Food"}}, {"model": "core.menuitem", "pk": 19, "fields": {"stall": 1, "name": "Chili Con Carne Stuffed Potato", "description": "", "price": "178.00", "category": "Food"}}, {"model": "core.menuitem", "pk": 20, "fields": {"stall": 1, "name": "Oreo Pancake Cup", "description": "", "price": "128.00", "category": "Food"}}, {"model": "core.menuitem", "pk": 21, "fields": {"stall": 1, "name": "Lotus Biscoff Pancake Cup", "description": "", "price": "150.00", "category": "Food"}}, {"model": "core.menuitem", "pk": 22, "fields": {"stall": 1, "name": "Cookie of the Week (1pc)", "description": "", "price": "80.00", "category": "Food"}}, {"model": "core.menuitem", "pk": 23, "fields": {"stall": 1, "name": "Cookies 4pc Box", "description": "", "price": "285.00", "category": "Food"}}, {"model": "core.menuitem", "pk": 24, "fields": {"stall": 1, "name": "Cookie 10pc Box", "description": "", "price": "680.00", "category": "Food"}}, {"model": "core.menuitem", "pk": 25, "fields": {"stall": 1, "name": "Iced Matcha Einspänner", "description": "", "price": "110.00", "category": "Beverage"}}, {"model": "core.menuitem", "pk": 26, "fields": {"stall": 1, "name": "Yuzu Matcha Soda", "description": "", "price": "110.00", "category": "Beverage"}}, {"model": "core.menuitem", "pk": 27, "fields": {"stall": 1, "name": "Iced Kopi", "description": "", "price": "110.00", "category": "Beverage"}}, {"model": "core.menuitem", "pk": 28, "fields": {"stall": 1, "name": "Caramel Latte", "description": "", "price": "130.00", "category": "Beverage"}}, {"model": "core.menuitem", "pk": 29, "fields": {"stall": 1, "name": "Mocha Latte", "description": "", "price": "130.00", "category": "Beverage"}}, {"model": "core.menuitem", "pk": 30, "fields": {"stall": 1, "name": "Lemon Iced Tea", "description": "", "price": "100.00", "category": "Beverage"}}, {"model": "core.menuitem", "pk": 31, "fields": {"stall": 1, "name": "Passionfruit Iced Tea", "description": "", "price": "100.00", "category": "Beverage"}}, {"model": "core.menuitem", "pk": 32, "fields": {"stall": 1, "name": "Barley Grass Health Drink", "description": "", "price": "100.00", "category": "Beverage"}}, {"model": "core.menuitem", "pk": 33, "fields": {"stall": 1, "name": "Box of 6 Bun/Pan", "description": "", "price": "736.00", "category": "Food"}}, {"model": "core.menuitem", "pk": 34, "fields": {"stall": 2, "name": "Glazed Chicken Feast", "description": "With Chimichurri Sauce", "price": "169.00", "category": "Food"}}, {"model": "core.menuitem", "pk": 35, "fields": {"stall": 2, "name": "Beef Delight with Chimichuri", "description": "With BBQ Sauce", "price": "169.00", "category": "Food"}}, {"model": "core.menuitem", "pk": 36, "fields": {"stall": 2, "name": "Beef Delight with Chimichuri", "description": "With Gravy", "price": "169.00", "category": "Food"}}, {"model": "core.menuitem", "pk": 37, "fields": {"stall": 2, "name": "Glazed Chicken Feast", "description": "With BBQ Sauce", "price": "150.00", "category": "Food"}}, {"model": "core.menuitem", "pk": 38, "fields": {"stall": 2, "name": "Glazed Chicken Feast", "description": "With Gravy", "price": "150.00", "category": "Food"}}, {"model": "core.menuitem", "pk": 39, "fields": {"stall": 2, "name": "Beef Delight with Chimichuri", "description": "With Chimichurri", "price": "169.00", "category": "Food"}}, {"model": "core.menuitem", "pk": 40, "fields": {"stall": 2, "name": "Sausage Fever", "description": "With Chimichurri", "price": "150.00", "category": "Food"}}, {"model": "core.menuitem", "pk": 41, "fields": {"stall": 2, "name": "Sausage Fever", "description": "With BBQ Sauce", "price": "150.00", "category": "Food"}}, {"model": "core.menuitem", "pk": 42, "fields": {"stall": 2, "name": "Sausage Fever", "description": "With Gravy", "price": "150.00", "category": "Food"}}, {"model": "core.menuitem", "pk": 43, "fields": {"stall": 2, "name": "Glazed Chicken Sandwich", "description": "", "price": "150.00", "category": "Food"}}, {"model": "core.menuitem", "pk": 44, "fields": {"stall": 2, "name": "Beef Delight Sandwich", "description": "", "price": "169.00", "category": "Food"}}, {"model": "core.menuitem", "pk": 45, "fields": {"stall": 2, "name": "Sausage Fever Sandwich", "description": "", "price": "150.00", "category": "Food"}}, {"model": "core.menuitem", "pk": 46, "fields": {"stall": 2, "name": "Sweet Churros", "description": "", "price": "85.00", "category": "Food"}}, {"model": "core.menuitem", "pk": 47, "fields": {"stall": 2, "name": "Buffalo Fries", "description": "", "price": "80.00", "category": "Food"}}, {"model": "core.menuitem", "pk": 48, "fields": {"stall": 2, "name": "Extra Rice", "description": "", "price": "20.00", "category": "Food"}}, {"model": "core.menuitem", "pk": 49, "fields": {"stall": 2, "name": "Chips", "description": "", "price": "20.00", "category": "Food"}}, {"model": "core.menuitem", "pk": 50, "fields": {"stall": 2, "name": "Sago’t Gulaman", "description": "", "price": "49.00", "category": "Beverage"}}, {"model": "core.menuitem", "pk": 51, "fields": {"stall": 3, "name": "Roasted Samgyupsal", "description": "", "price": "299.00", "category": "Food"}}, {"model": "core.menuitem", "pk": 52, "fields": {"stall": 3, "name": "Roasted Samgyup Kimchi Chigae", "description": "", "price": "299.00", "category": "Food"}}, {"model": "core.menuitem", "pk": 53, "fields": {"stall": 3, "name": "Roasted Samgyup Soy Bean Soup", "description": "", "price": "299.00", "category": "Food"}}, {"model": "core.menuitem", "pk": 54, "fields": {"stall": 3, "name": "Tonkotsu Rice Meal", "description": "", "price": "299.00", "category": "Food"}}, {"model": "core.menuitem", "pk": 55, "fields": {"stall": 3, "name": "Mozzarella Overload Kimchi Fried Rice", "description": "", "price": "299.00", "category": "Food"}}, {"model": "core.menuitem", "pk": 56, "fields": {"stall": 3, "name": "1988 Style Tteokbokki", "description": "", "price": "249.00", "category": "Food"}}, {"model": "core.menuitem", "pk": 57, "fields": {"stall": 3, "name": "Crispy Dumplings", "description": "", "price": "199.00", "category": "Food"}}, {"model": "core.menuitem", "pk": 58, "fields": {"stall": 3, "name": "Steamed Egg", "description": "", "price": "149.00", "category": "Food"}}, {"model": "core.menuitem", "pk": 59, "fields": {"stall": 3, "name": "Crispy French Fries", "description": "", "price": "149.00", "category": "Food"}}, {"model": "core.menuitem", "pk": 60, "fields": {"stall": 3, "name": "Ramyeon", "description": "", "price": "149.00", "category": "Food"}}, {"model": "core.menuitem", "pk": 61, "fields": {"stall": 4, "name": "Biscoff Cookie Latte", "description": "Regular", "price": "200.00", "category": "Beverage"}}, {"model": "core.menuitem", "pk": 62, "fields": {"stall": 4, "name": "Biscoff Cookie Latte", "description": "Large", "price": "220.00", "category": "Beverage"}}, {"model": "core.menuitem", "pk": 63, "fields": {"stall": 4, "name": "Purple Cloud", "description": "Regular", "price": "145.00", "category": "Beverage"}}, {"model": "core.menuitem", "pk": 64, "fields": {"stall": 4, "name": "Purple Cloud", "description": "Large", "price": "160.00", "category": "Beverage"}}, {"model": "core.menuitem", "pk": 65, "fields": {"stall": 4, "name": "Hibiscus Berry", "description": "Regular", "price": "170.00", "category": "Beverage"}}, {"model": "core.menuitem", "pk": 66, "fields": {"stall": 4, "name": "Hibiscus Berry", "description": "Large", "price": "200.00", "category": "Beverage"}}, {"model": "core.menuitem", "pk": 67, "fields": {"stall": 4, "name": "Seasalt Spanish Latte", "description": "Regular", "price": "150.00", "category": "Beverage"}}, {"model": "core.menuitem", "pk": 68, "fields": {"stall": 4, "name": "Seasalt Spanish Latte", "description": "Large", "price": "170.00", "category": "Beverage"}}, {"model": "core.menuitem", "pk": 69, "fields": {"stall": 4, "name": "Island Mocha", "description": "Regular", "price": "180.00", "category": "Beverage"}}, {"model": "core.menuitem", "pk": 70, "fields": {"stall": 4, "name": "Island Mocha", "description": "Large", "price": "200.00", "category": "Beverage"}}, {"model": "core.menuitem", "pk": 71, "fields": {"stall": 4, "name": "Cherry Vanilla Americano", "description": "Regular", "price": "160.00", "category": "Beverage"}}, {"model": "core.menuitem", "pk": 72, "fields": {"stall": 4, "name": "Cherry Vanilla Americano", "description": "Large", "price": "190.00", "category": "Beverage"}}, {"model": "core.menuitem", "pk": 73, "fields": {"stall": 4, "name": "Matcha Wave", "description": "Regular", "price": "150.00", "category": "Beverage"}}, {"model": "core.menuitem", "pk": 74, "fields": {"stall": 4, "name": "Matcha Wave", "description": "Large", "price": "170.00", "category": "Beverage"}}, {"model": "core.menuitem", "pk": 75, "fields": {"stall": 4, "name": "Strawberry Matcha Kiss", "description": "Regular", "price": "170.00", "category": "Beverage"}}, {"model": "core.menuitem", "pk": 76, "fields": {"stall": 4, "name": "Strawberry Matcha Kiss", "description": "Large", "price": "210.00", "category": "Beverage"}}, {"model": "core.menuitem", "pk": 77, "fields": {"stall": 4, "name": "Purple Matcha", "description": "Regular", "price": "160.00", "category": "Beverage"}}, {"model": "core.menuitem", "pk": 78, "fields": {"stall": 4, "name": "Purple Matcha", "description": "Large", "price": "180.00", "category": "Beverage"}}, {"model": "core.menuitem", "pk": 79, "fields": {"stall": 4, "name": "Raspberry Rendezvous", "description": "Regular", "price": "135.00", "category": "Beverage"}}, {"model": "core.menuitem", "pk": 80, "fields": {"stall": 4, "name": "Raspberry Rendezvous", "description": "Large", "price": "155.00", "category": "Beverage"}}, {"model": "core.menuitem", "pk": 81, "fields": {"stall": 4, "name": "Apple Orchard Spice", "description": "Regular", "price": "130.00", "category": "Beverage"}}, {"model": "core.menuitem", "pk": 82, "fields": {"stall": 4, "name": "Apple Orchard Spice", "description": "Large", "price": "150.00", "category": "Beverage"}}, {"model": "core.menuitem", "pk": 83, "fields": {"stall": 4, "name": "Mango Dragon", "description": "Regular", "price": "120.00", "category": "Beverage"}}, {"model": "core.menuitem", "pk": 84, "fields": {"stall": 4, "name": "Mango Dragon", "description": "Large", "price": "140.00", "category": "Beverage"}}, {"model": "core.menuitem", "pk": 85, "fields": {"stall": 5, "name": "Fish Battered Fish with Rice", "description": "", "price": "150.00", "category": "Food"}}, {"model": "core.menuitem", "pk": 86, "fields": {"stall": 5, "name": "Buttered Seafood Rice", "description": "", "price": "170.00", "category": "Food"}}, {"model": "core.menuitem", "pk": 87, "fields": {"stall": 5, "name": "Calamari Rice", "description": "", "price": "170.00", "category": "Food"}}, {"model": "core.menuitem", "pk": 88, "fields": {"stall": 5, "name": "Beef Wrap", "description": "", "price": "150.00", "category": "Food"}}, {"model": "core.menuitem", "pk": 89, "fields": {"stall": 5, "name": "Chicken Wrap", "description": "", "price": "130.00", "category": "Food"}}, {"model": "core.menuitem", "pk": 90, "fields": {"stall": 5, "name": "Beef Rice", "description": "", "price": "170.00", "category": "Food"}}, {"model": "core.menuitem", "pk": 91, "fields": {"stall": 5, "name": "Chicken Rice", "description": "", "price": "150.00", "category": "Food"}}, {"model": "core.menuitem", "pk": 92, "fields": {"stall": 5, "name": "Beef Fries", "description": "", "price": "120.00", "category": "Food"}}, {"model": "core.menuitem", "pk": 93, "fields": {"stall": 5, "name": "Chicken Fries", "description": "", "price": "100.00", "category": "Food"}}, {"model": "core.menuitem", "pk": 94, "fields": {"stall": 5, "name": "Golden Cheese Donuts", "description": "", "price": "120.00", "category": "Food"}}, {"model": "core.menuitem", "pk": 95, "fields": {"stall": 5, "name": "Powdered Donuts", "description": "", "price": "100.00", "category": "Food"}}, {"model": "core.menuitem", "pk": 96, "fields": {"stall": 5, "name": "Sangria", "description": "", "price": "79.00", "category": "Beverage"}}, {"model": "core.menuitem", "pk": 97, "fields": {"stall": 5, "name": "Mojito", "description": "", "price": "79.00", "category": "Beverage"}}, {"model": "core.menuitem", "pk": 98, "fields": {"stall": 6, "name": "Beef Bowl", "description": "", "price": "160.00", "category": "Food"}}, {"model": "core.menuitem", "pk": 99, "fields": {"stall": 6, "name": "Pepper Steak Wrap", "description": "", "price": "110.00", "category": "Food"}}, {"model": "core.menuitem", "pk": 100, "fields": {"stall": 6, "name": "One Big Beef", "description": "", "price": "150.00", "category": "Food"}}, {"model": "core.menuitem", "pk": 101, "fields": {"stall": 6, "name": "Hey Chick", "description": "", "price": "130.00", "category": "Food"}}, {"model": "core.menuitem", "pk": 102, "fields": {"stall": 6, "name": "Beefy Wrap", "description": "", "price": "100.00", "category": "Food"}}, {"model": "core.menuitem", "pk": 103, "fields": {"stall": 6, "name": "Chick ‘n Wrap", "description": "", "price": "90.00", "category": "Food"}}, {"model": "core.menuitem", "pk": 104, "fields": {"stall": 6, "name": "Iced Tea", "description": "", "price": "40.00", "category": "Beverage"}}, {"model": "core.menuitem", "pk": 105, "fields": {"stall": 6, "name": "Beef Kebab (1pc)", "description": "", "price": "65.00", "category": "Food"}}, {"model": "core.menuitem", "pk": 106, "fields": {"stall": 6, "name": "Chicken Kebab (1pc)", "description": "", "price": "55.00", "category": "Food"}}, {"model": "core.menuitem", "pk": 107, "fields": {"stall": 6, "name": "Extra Sauce", "description": "OG Garlic", "price": "15.00", "category": "Food"}}, {"model": "core.menuitem", "pk": 108, "fields": {"stall": 6, "name": "Extra Sauce", "description": "Smoking Good", "price": "15.00", "category": "Food"}}, {"model": "core.menuitem", "pk": 109, "fields": {"stall": 6, "name": "Extra Sauce", "description": "Spice Me Up", "price": "15.00", "category": "Food"}}, {"model": "core.menuitem", "pk": 110, "fields": {"stall": 6, "name": "Extra Rice", "description": "", "price": "20.00", "category": "Food"}}, {"model": "core.menuitem", "pk": 111, "fields": {"stall": 6, "name": "Extra Pita", "description": "", "price": "30.00", "category": "Food"}}, {"model": "core.menuitem", "pk": 112, "fields": {"stall": 6, "name": "Peach Tea", "description": "", "price": "50.00", "category": "Beverage"}}, {"model": "core.menuitem", "pk": 113, "fields": {"stall": 6, "name": "Hibiscus Tea", "description": "", "price": "50.00", "category": "Beverage"}}, {"model": "core.menuitem", "pk": 114, "fields": {"stall": 6, "name": "Calamansi Tea", "description": "", "price": "50.00", "category": "Beverage"}}, {"model": "core.menuitem", "pk": 115, "fields": {"stall": 6, "name": "Iced Horchata", "description": "", "price": "80.00", "category": "Beverage"}}, {"model": "core.menuitem", "pk": 116, "fields": {"stall": 6, "name": "Yogurt Lassi", "description": "", "price": "80.00", "category": "Beverage"}}, {"model": "core.menuitem", "pk": 117, "fields": {"stall": 7, "name": "Thai Milk Tea", "description": "", "price": "60.00", "category": "Beverage"}}, {"model": "core.menuitem", "pk": 118, "fields": {"stall": 7, "name": "Thai Milk Tea with Boba", "description": "", "price": "80.00", "category": "Beverage"}}, {"model": "core.menuitem", "pk": 119, "fields": {"stall": 7, "name": "Chicken Pad Thai", "description": "", "price": "150.00", "category": "Food"}}, {"model": "core.menuitem", "pk": 120, "fields": {"stall": 7, "name": "Pad Thai", "description": "", "price": "130.00", "category": "Food"}}, {"model": "core.menuitem", "pk": 121, "fields": {"stall": 7, "name": "Thai Green Curry", "description": "", "price": "140.00", "category": "Food"}}, {"model": "core.menuitem", "pk": 122, "fields": {"stall": 7, "name": "Pad Kra Pao", "description": "", "price": "130.00", "category": "Food"}}, {"model": "core.menuitem", "pk": 123, "fields": {"stall": 7, "name": "Mango Sticky Rice", "description": "", "price": "80.00", "category": "Food"}}, {"model": "core.menuitem", "pk": 124, "fields": {"stall": 7, "name": "Choco Thai Milk Tea", "description": "", "price": "100.00", "category": "Beverage"}}, {"model": "core.menuitem", "pk": 125, "fields": {"stall": 7, "name": "Choco Thai Milk Tea with Boba", "description": "", "price": "120.00", "category": "Beverage"}}, {"model": "core.menuitem", "pk": 126, "fields": {"stall": 9, "name": "Lamon Burger", "description": "", "price": "149.00", "category": "Food"}}, {"model": "core.menuitem", "pk": 127, "fields": {"stall": 9, "name": "Grilled Cheese ng Ina mo", "description": "Half", "price": "79.00", "category": "Food"}}, {"model": "core.menuitem", "pk": 128, "fields": {"stall": 9, "name": "Grilled Cheese ng Ina mo", "description": "Full", "price": "139.00", "category": "Food"}}, {"model": "core.menuitem", "pk": 129, "fields": {"stall": 9, "name": "Grilled Cheese ng Ama Mo", "description": "Half", "price": "89.00", "category": "Food"}}, {"model": "core.menuitem", "pk": 130, "fields": {"stall": 9, "name": "Grilled Cheese ng Ama Mo", "description": "Half", "price": "89.00", "category": "Food"}}, {"model": "core.menuitem", "pk": 131, "fields": {"stall": 9, "name": "Grilled Cheese ng Ama Mo", "description": "Full", "price": "149.00", "category": "Food"}}, {"model": "core.menuitem", "pk": 132, "fields": {"stall": 9, "name": "Good Ass Steak (G.A.S)", "description": "", "price": "349.00", "category": "Food"}}, {"model": "core.menuitem", "pk": 133, "fields": {"stall": 9, "name": "BLT Bowl", "description": "", "price": "149.00", "category": "Food"}}, {"model": "core.menuitem", "pk": 134, "fields": {"stall": 9, "name": "Chicken Kapow", "description": "", "price": "139.00", "category": "Food"}}, {"model": "core.menuitem", "pk": 135, "fields": {"stall": 9, "name": "Smokey Robbinson", "description": "", "price": "179.00", "category": "Food"}}, {"model": "core.menuitem", "pk": 136, "fields": {"stall": 10, "name": "Rigatoni Arrabiata", "description": "", "price": "150.00", "category": "Food"}}, {"model": "core.menuitem", "pk": 137, "fields": {"stall": 10, "name": "Truffle Cream Alfredo", "description": "", "price": "170.00", "category": "Food"}}, {"model": "core.menuitem", "pk": 138, "fields": {"stall": 10, "name": "Pollo Pesto", "description": "", "price": "160.00", "category": "Food"}}, {"model": "core.menuitem", "pk": 139, "fields": {"stall": 10, "name": "Chicken Inasal Sisig", "description": "", "price": "150.00", "category": "Food"}}, {"model": "core.menuitem", "pk": 140, "fields": {"stall": 10, "name": "Lechon Kawali Kare Kare", "description": "", "price": "170.00", "category": "Food"}}, {"model": "core.menuitem", "pk": 141, "fields": {"stall": 10, "name": "Cheesy Dynamite", "description": "", "price": "100.00", "category": "Food"}}, {"model": "core.menuitem", "pk": 142, "fields": {"stall": 10, "name": "Milky Halo-Halo", "description": "", "price": "100.00", "category": "Beverage"}}, {"model": "core.menuitem", "pk": 143, "fields": {"stall": 10, "name": "Ube Halo-Halo Scramble", "description": "", "price": "100.00", "category": "Beverage"}}, {"model": "core.menuitem", "pk": 144, "fields": {"stall": 10, "name": "Pomme Spritz", "description": "", "price": "90.00", "category": "Beverage"}}, {"model": "core.menuitem", "pk": 145, "fields": {"stall": 10, "name": "Blue Lagoon Spritz", "description": "", "price": "90.00", "category": "Beverage"}}, {"model": "core.menuitem", "pk": 146, "fields": {"stall": 10, "name": "Nonna’s Mango Tea", "description": "", "price": "90.00", "category": "Beverage"}}, {"model": "core.menuitem", "pk": 147, "fields": {"stall": 10, "name": "Sola Raspberry", "description": "", "price": "90.00", "category": "Beverage"}}, {"model": "core.menuitem", "pk": 148, "fields": {"stall": 11, "name": "Lemon Chicken", "description": "", "price": "130.00", "category": "Food"}}, {"model": "core.menuitem", "pk": 149, "fields": {"stall": 11, "name": "Soy Garlic Chicken", "description": "", "price": "130.00", "category": "Food"}}, {"model": "core.menuitem", "pk": 150, "fields": {"stall": 11, "name": "Five Spice Pork", "description": "", "price": "130.00", "category": "Food"}}, {"model": "core.menuitem", "pk": 151, "fields": {"stall": 11, "name": "Char Siu Pork", "description": "", "price": "140.00", "category": "Food"}}, {"model": "core.menuitem", "pk": 152, "fields": {"stall": 11, "name": "Hainanese Chicken", "description": "", "price": "130.00", "category": "Food"}}, {"model": "core.menuitem", "pk": 153, "fields": {"stall": 11, "name": "Mango Makan", "description": "", "price": "70.00", "category": "Beverage"}}, {"model": "core.menuitem", "pk": 154, "fields": {"stall": 11, "name": "Mango Iced Tea", "description": "", "price": "50.00", "category": "Beverage"}}, {"model": "core.menuitem", "pk": 155, "fields": {"stall": 11, "name": "Milo Dinosaur", "description": "", "price": "70.00", "category": "Beverage"}}, {"model": "core.menuitem", "pk": 156, "fields": {"stall": 11, "name": "Milo Crunch", "description": "", "price": "80.00", "category": "Beverage"}}, {"model": "core.menuitem", "pk": 157, "fields": {"stall": 11, "name": "Add Ons", "description": "Meat Only", "price": "100.00", "category": "Food"}}, {"model": "core.menuitem", "pk": 158, "fields": {"stall": 11, "name": "Add Ons", "description": "Hainanese Rice", "price": "30.00", "category": "Food"}}, {"model": "core.menuitem", "pk": 159, "fields": {"stall": 12, "name": "Katsudon", "description": "", "price": "135.00", "category": "Food"}}, {"model": "core.menuitem", "pk": 160, "fields": {"stall": 12, "name": "Chicken Curry", "description": "", "price": "120.00", "category": "Food"}}, {"model": "core.menuitem", "pk": 161, "fields": {"stall": 12, "name": "Tonkatsu", "description": "", "price": "130.00", "category": "Food"}}, {"model": "core.menuitem", "pk": 162, "fields": {"stall": 12, "name": "Chicken Teriyaki", "description": "", "price": "130.00", "category": "Food"}}, {"model": "core.menuitem", "pk": 163, "fields": {"stall": 12, "name": "Katsu Curry", "description": "", "price": "150.00", "category": "Food"}}, {"model": "core.menuitem", "pk": 164, "fields": {"stall": 12, "name": "Red Iced Tea", "description": "", "price": "40.00", "category": "Beverage"}}, {"model": "core.menuitem", "pk": 165, "fields": {"stall": 12, "name": "Takoyaki Fries", "description": "", "price": "65.00", "category": "Food"}}, {"model": "core.menuitem", "pk": 166, "fields": {"stall": 13, "name": "Beef Pares", "description": "", "price": "100.00", "category": "Food"}}, {"model": "core.menuitem", "pk": 167, "fields": {"stall": 13, "name": "Overload Beef Pares", "description": "", "price": "130.00", "category": "Food"}}, {"model": "core.menuitem", "pk": 168, "fields": {"stall": 13, "name": "Pork Sisig", "description": "", "price": "120.00", "category": "Food"}}, {"model": "core.menuitem", "pk": 169, "fields": {"stall": 13, "name": "Beach Mango", "description": "", "price": "120.00", "category": "Beverage"}}, {"model": "core.menuitem", "pk": 170, "fields": {"stall": 13, "name": "The Banana Berry", "description": "", "price": "120.00", "category": "Beverage"}}, {"model": "core.menuitem", "pk": 171, "fields": {"stall": 13, "name": "Dubai Chocolate", "description": "", "price": "120.00", "category": "Beverage"}}, {"model": "core.menuitem", "pk": 172, "fields": {"stall": 13, "name": "Mango Graham", "description": "", "price": "120.00", "category": "Beverage"}}, {"model": "core.menuitem", "pk": 173, "fields": {"stall": 13, "name": "Very Berry Peach", "description": "", "price": "120.00", "category": "Beverage"}}, {"model": "core.menuitem", "pk": 174, "fields": {"stall": 14, "name": "Caesar Salad", "description": "Half", "price": "150.00", "category": "Food"}}, {"model": "core.menuitem", "pk": 175, "fields": {"stall": 14, "name": "Caesar Salad", "description": "Whole", "price": "200.00", "category": "Food"}}, {"model": "core.menuitem", "pk": 176, "fields": {"stall": 14, "name": "Caesar Salad", "description": "Wrap", "price": "220.00", "category": "Food"}}, {"model": "core.menuitem", "pk": 177, "fields": {"stall": 14, "name": "Garlic Chicken", "description": "Half", "price": "150.00", "category": "Food"}}, {"model": "core.menuitem", "pk": 178, "fields": {"stall": 14, "name": "Garlic Chicken", "description": "Whole", "price": "200.00", "category": "Food"}}, {"model": "core.menuitem", "pk": 179, "fields": {"stall": 14, "name": "Garlic Chicken", "description": "Wrap", "price": "220.00", "category": "Food"}}, {"model": "core.menuitem", "pk": 180, "fields": {"stall": 14, "name": "Kani Mango", "description": "Half", "price": "150.00", "category": "Food"}}, {"model": "core.menuitem", "pk": 181, "fields": {"stall": 14, "name": "Kani Mango", "description": "Whole", "price": "200.00", "category": "Food"}}, {"model": "core.menuitem", "pk": 182, "fields": {"stall": 14, "name": "Kani Mango", "description": "Wrap", "price": "220.00", "category": "Food"}}, {"model": "core.menuitem", "pk": 183, "fields": {"stall": 14, "name": "Apple Cranberry Walnut", "description": "Half", "price": "150.00", "category": "Food"}}, {"model": "core.menuitem", "pk": 184, "fields": {"stall": 14, "name": "Apple Cranberry Walnut", "description": "Whole", "price": "200.00", "category": "Food"}}, {"model": "core.menuitem", "pk": 185, "fields": {"stall": 14, "name": "Apple Cranberry Walnut", "description": "Wrap", "price": "220.00", "category": "Food"}}, {"model": "core.menuitem", "pk": 186, "fields": {"stall": 14, "name": "Apple Cranberry Walnut", "description": "Half", "price": "150.00", "category": "Food"}}, {"model": "core.menuitem", "pk": 187, "fields": {"stall": 14, "name": "Apple Cranberry Walnut", "description": "Whole", "price": "200.00", "category": "Food"}}, {"model": "core.menuitem", "pk": 188, "fields": {"stall": 14, "name": "Apple Cranberry Walnut", "description": "Wrap", "price": "220.00", "category": "Food"}}, {"model": "core.menuitem", "pk": 189, "fields": {"stall": 14, "name": "Salmon Balsamic", "description": "Half", "price": "180.00", "category": "Food"}}, {"model": "core.menuitem", "pk": 190, "fields": {"stall": 14, "name": "Salmon Balsamic", "description": "Whole", "price": "240.00", "category": "Food"}}, {"model": "core.menuitem", "pk": 191, "fields": {"stall": 14, "name": "Salmon Balsamic", "description": "Wrap", "price": "260.00", "category": "Food"}}, {"model": "core.menuitem", "pk": 192, "fields": {"stall": 14, "name": "Vegan Avocado", "description": "Half", "price": "150.00", "category": "Food"}}, {"model": "core.menuitem", "pk": 193, "fields": {"stall": 14, "name": "Vegan Avocado", "description": "Whole", "price": "200.00", "category": "Food"}}, {"model": "core.menuitem", "pk": 194, "fields": {"stall": 14, "name": "Vegan Avocado", "description": "Wrap", "price": "220.00", "category": "Food"}}, {"model": "core.menuitem", "pk": 195, "fields": {"stall": 14, "name": "Asian Salmon", "description": "Half", "price": "180.00", "category": "Food"}}, {"model": "core.menuitem", "pk": 196, "fields": {"stall": 14, "name": "Asian Salmon", "description": "Whole", "price": "240.00", "category": "Food"}}, {"model": "core.menuitem", "pk": 197, "fields": {"stall": 14, "name": "Asian Salmon", "description": "Wrap", "price": "260.00", "category": "Food"}}, {"model": "core.menuitem", "pk": 198, "fields": {"stall": 14, "name": "Avocado Chicken", "description": "Half", "price": "150.00", "category": "Food"}}, {"model": "core.menuitem", "pk": 199, "fields": {"stall": 14, "name": "Avocado Chicken", "description": "Whole", "price": "200.00", "category": "Food"}}, {"model": "core.menuitem", "pk": 200, "fields": {"stall": 14, "name": "Avocado Chicken", "description": "Wrap", "price": "220.00", "category": "Food"}}, {"model": "core.menuitem", "pk": 201, "fields": {"stall": 14, "name": "Honey Dalandan", "description": "", "price": "130.00", "category": "Beverage"}}, {"model": "core.menuitem", "pk": 202, "fields": {"stall": 14, "name": "Banana Chocolate Protein", "description": "", "price": "160.00", "category": "Beverage"}}, {"model": "core.menuitem", "pk": 203, "fields": {"stall": 14, "name": "Pink Coconut Lemonade", "description": "", "price": "130.00", "category": "Beverage"}}, {"model": "core.menuitem", "pk": 204, "fields": {"stall": 15, "name": "Smoked Chicken with Garlic Rice and Egg", "description": "Full Rice or Half Rice", "price": "130.00", "category": "Food"}}, {"model": "core.menuitem", "pk": 205, "fields": {"stall": 15, "name": "Smoked Chicken with Garlic Rice and Egg", "description": "Double Rice", "price": "150.00", "category": "Food"}}, {"model": "core.menuitem", "pk": 206, "fields": {"stall": 15, "name": "Smoked Pork with Garlic Rice and Egg", "description": "Full Rice or Half Rice", "price": "130.00", "category": "Food"}}, {"model": "core.menuitem", "pk": 207, "fields": {"stall": 15, "name": "Smoked Pork with Garlic Rice and Egg", "description": "Double Rice", "price": "150.00", "category": "Food"}}, {"model": "core.menuitem", "pk": 208, "fields": {"stall": 15, "name": "Smoked Chicken Wrap", "description": "", "price": "140.00", "category": "Food"}}, {"model": "core.menuitem", "pk": 209, "fields": {"stall": 15, "name": "Smoked Pork Wrap", "description": "", "price": "140.00", "category": "Food"}}, {"model": "core.menuitem", "pk": 210, "fields": {"stall": 15, "name": "Plain Loopies", "description": "", "price": "85.00", "category": "Food"}}, {"model": "core.menuitem", "pk": 211, "fields": {"stall": 15, "name": "Dirty Fries", "description": "", "price": "115.00", "category": "Food"}}, {"model": "core.menuitem", "pk": 212, "fields": {"stall": 16, "name": "Wokwei Fried Rice", "description": "", "price": "70.00", "category": "Food"}}, {"model": "core.menuitem", "pk": 213, "fields": {"stall": 16, "name": "HK Fried Noodles", "description": "", "price": "70.00", "category": "Food"}}, {"model": "core.menuitem", "pk": 214, "fields": {"stall": 16, "name": "Heneral Chong’s", "description": "", "price": "60.00", "category": "Food"}}, {"model": "core.menuitem", "pk": 215, "fields": {"stall": 16, "name": "Lechon Kawali", "description": "", "price": "70.00", "category": "Food"}}, {"model": "core.menuitem", "pk": 216, "fields": {"stall": 16, "name": "Crispy Dumpling", "description": "", "price": "50.00", "category": "Food"}}, {"model": "core.menuitem", "pk": 217, "fields": {"stall": 16, "name": "Lao Gan Ma", "description": "", "price": "10.00", "category": "Food"}}, {"model": "core.menuitem", "pk": 218, "fields": {"stall": 16, "name": "Fried Egg", "description": "", "price": "20.00", "category": "Food"}}]