[{"model": "admin.logentry", "pk": 1, "fields": {"action_time": "2025-07-15T20:57:21.194Z", "user": 1, "content_type": 10, "object_id": "1", "object_repr": "Chicken Pollo Gyro Wrap (Komo)", "action_flag": 1, "change_message": "[{\"added\": {}}]"}}, {"model": "admin.logentry", "pk": 2, "fields": {"action_time": "2025-07-15T20:57:38.797Z", "user": 1, "content_type": 10, "object_id": "2", "object_repr": "Beef Pollo Gyro Wrap (Komo)", "action_flag": 1, "change_message": "[{\"added\": {}}]"}}, {"model": "admin.logentry", "pk": 3, "fields": {"action_time": "2025-07-15T20:57:57.929Z", "user": 1, "content_type": 10, "object_id": "3", "object_repr": "Viva La Nacho (Komo)", "action_flag": 1, "change_message": "[{\"added\": {}}]"}}, {"model": "admin.logentry", "pk": 4, "fields": {"action_time": "2025-07-15T20:58:21.046Z", "user": 1, "content_type": 10, "object_id": "4", "object_repr": "Miel Ajo (Komo)", "action_flag": 1, "change_message": "[{\"added\": {}}]"}}, {"model": "admin.logentry", "pk": 5, "fields": {"action_time": "2025-07-15T20:58:32.529Z", "user": 1, "content_type": 10, "object_id": "5", "object_repr": "Citrus Chicken (Komo)", "action_flag": 1, "change_message": "[{\"added\": {}}]"}}, {"model": "admin.logentry", "pk": 6, "fields": {"action_time": "2025-07-15T20:58:49.910Z", "user": 1, "content_type": 10, "object_id": "6", "object_repr": "Honey-Glazed Chicken (Komo)", "action_flag": 1, "change_message": "[{\"added\": {}}]"}}, {"model": "admin.logentry", "pk": 7, "fields": {"action_time": "2025-07-16T03:28:38.445Z", "user": 1, "content_type": 10, "object_id": "7", "object_repr": "Aegyo in Pancake (Baekiri)", "action_flag": 1, "change_message": "[{\"added\": {}}]"}}, {"model": "admin.logentry", "pk": 8, "fields": {"action_time": "2025-07-16T03:28:56.930Z", "user": 1, "content_type": 10, "object_id": "7", "object_repr": "Power Chikki in Pancake (Baekiri)", "action_flag": 2, "change_message": "[{\"changed\": {\"fields\": [\"Name\"]}}]"}}, {"model": "admin.logentry", "pk": 9, "fields": {"action_time": "2025-07-16T03:29:06.277Z", "user": 1, "content_type": 10, "object_id": "7", "object_repr": "Aegyo in Pancake (Baekiri)", "action_flag": 2, "change_message": "[{\"changed\": {\"fields\": [\"Name\"]}}]"}}, {"model": "admin.logentry", "pk": 10, "fields": {"action_time": "2025-07-16T03:29:38.526Z", "user": 1, "content_type": 10, "object_id": "8", "object_repr": "Power Chikki in Pancake (Baekiri)", "action_flag": 1, "change_message": "[{\"added\": {}}]"}}, {"model": "admin.logentry", "pk": 11, "fields": {"action_time": "2025-07-16T03:30:02.714Z", "user": 1, "content_type": 10, "object_id": "9", "object_repr": "Healthy Yassai in Pancake (Baekiri)", "action_flag": 1, "change_message": "[{\"added\": {}}]"}}, {"model": "admin.logentry", "pk": 12, "fields": {"action_time": "2025-07-16T03:30:15.140Z", "user": 1, "content_type": 10, "object_id": "10", "object_repr": "Chikki-Ya in Pancake (Baekiri)", "action_flag": 1, "change_message": "[{\"added\": {}}]"}}, {"model": "admin.logentry", "pk": 13, "fields": {"action_time": "2025-07-16T03:30:30.322Z", "user": 1, "content_type": 10, "object_id": "11", "object_repr": "Aegyo in Bun (Baekiri)", "action_flag": 1, "change_message": "[{\"added\": {}}]"}}, {"model": "admin.logentry", "pk": 14, "fields": {"action_time": "2025-07-16T03:30:40.405Z", "user": 1, "content_type": 10, "object_id": "12", "object_repr": "Power Chikki in Bun (Baekiri)", "action_flag": 1, "change_message": "[{\"added\": {}}]"}}, {"model": "admin.logentry", "pk": 15, "fields": {"action_time": "2025-07-16T03:30:51.639Z", "user": 1, "content_type": 10, "object_id": "13", "object_repr": "Healthy Yassai in Bun (Baekiri)", "action_flag": 1, "change_message": "[{\"added\": {}}]"}}, {"model": "admin.logentry", "pk": 16, "fields": {"action_time": "2025-07-16T03:31:01.755Z", "user": 1, "content_type": 10, "object_id": "14", "object_repr": "Chikki - Ya in Bun (Baekiri)", "action_flag": 1, "change_message": "[{\"added\": {}}]"}}, {"model": "admin.logentry", "pk": 17, "fields": {"action_time": "2025-07-16T03:31:10.506Z", "user": 1, "content_type": 10, "object_id": "15", "object_repr": "Classic Stuffed Potato (Baekiri)", "action_flag": 1, "change_message": "[{\"added\": {}}]"}}, {"model": "admin.logentry", "pk": 18, "fields": {"action_time": "2025-07-16T03:31:27.723Z", "user": 1, "content_type": 10, "object_id": "16", "object_repr": "Cajun Chikki Stuffed Potato (Baekiri)", "action_flag": 1, "change_message": "[{\"added\": {}}]"}}, {"model": "admin.logentry", "pk": 19, "fields": {"action_time": "2025-07-16T03:31:40.089Z", "user": 1, "content_type": 10, "object_id": "17", "object_repr": "Baecyo Stuffed Potato (Baekiri)", "action_flag": 1, "change_message": "[{\"added\": {}}]"}}, {"model": "admin.logentry", "pk": 20, "fields": {"action_time": "2025-07-16T03:31:51.254Z", "user": 1, "content_type": 10, "object_id": "18", "object_repr": "Curry Cheese Stuffed Potato (Baekiri)", "action_flag": 1, "change_message": "[{\"added\": {}}]"}}, {"model": "admin.logentry", "pk": 21, "fields": {"action_time": "2025-07-16T03:32:01.754Z", "user": 1, "content_type": 10, "object_id": "19", "object_repr": "Chili Con Carne Stuffed Potato (Baekiri)", "action_flag": 1, "change_message": "[{\"added\": {}}]"}}, {"model": "admin.logentry", "pk": 22, "fields": {"action_time": "2025-07-16T03:32:27.756Z", "user": 1, "content_type": 10, "object_id": "20", "object_repr": "Oreo Pancake Cup (Baekiri)", "action_flag": 1, "change_message": "[{\"added\": {}}]"}}, {"model": "admin.logentry", "pk": 23, "fields": {"action_time": "2025-07-16T03:32:37.535Z", "user": 1, "content_type": 10, "object_id": "21", "object_repr": "Lotus Biscoff Pancake Cup (Baekiri)", "action_flag": 1, "change_message": "[{\"added\": {}}]"}}, {"model": "admin.logentry", "pk": 24, "fields": {"action_time": "2025-07-16T03:32:48.169Z", "user": 1, "content_type": 10, "object_id": "22", "object_repr": "Cookie of the Week (1pc) (Baekiri)", "action_flag": 1, "change_message": "[{\"added\": {}}]"}}, {"model": "admin.logentry", "pk": 25, "fields": {"action_time": "2025-07-16T03:32:58.153Z", "user": 1, "content_type": 10, "object_id": "23", "object_repr": "Cookies 4pc Box (Baekiri)", "action_flag": 1, "change_message": "[{\"added\": {}}]"}}, {"model": "admin.logentry", "pk": 26, "fields": {"action_time": "2025-07-16T03:33:09.269Z", "user": 1, "content_type": 10, "object_id": "24", "object_repr": "Cookie 10pc Box (Baekiri)", "action_flag": 1, "change_message": "[{\"added\": {}}]"}}, {"model": "admin.logentry", "pk": 27, "fields": {"action_time": "2025-07-16T03:33:23.504Z", "user": 1, "content_type": 10, "object_id": "25", "object_repr": "Iced Matcha Einspänner (Baekiri)", "action_flag": 1, "change_message": "[{\"added\": {}}]"}}, {"model": "admin.logentry", "pk": 28, "fields": {"action_time": "2025-07-16T03:33:41.619Z", "user": 1, "content_type": 10, "object_id": "26", "object_repr": "Yuzu Matcha Soda (Baekiri)", "action_flag": 1, "change_message": "[{\"added\": {}}]"}}, {"model": "admin.logentry", "pk": 29, "fields": {"action_time": "2025-07-16T03:33:50.788Z", "user": 1, "content_type": 10, "object_id": "27", "object_repr": "Iced Kopi (Baekiri)", "action_flag": 1, "change_message": "[{\"added\": {}}]"}}, {"model": "admin.logentry", "pk": 30, "fields": {"action_time": "2025-07-16T03:33:59.901Z", "user": 1, "content_type": 10, "object_id": "28", "object_repr": "Caramel Latte (Baekiri)", "action_flag": 1, "change_message": "[{\"added\": {}}]"}}, {"model": "admin.logentry", "pk": 31, "fields": {"action_time": "2025-07-16T03:34:10.118Z", "user": 1, "content_type": 10, "object_id": "29", "object_repr": "Mocha Latte (Baekiri)", "action_flag": 1, "change_message": "[{\"added\": {}}]"}}, {"model": "admin.logentry", "pk": 32, "fields": {"action_time": "2025-07-16T03:34:22.553Z", "user": 1, "content_type": 10, "object_id": "30", "object_repr": "Lemon Iced Tea (Baekiri)", "action_flag": 1, "change_message": "[{\"added\": {}}]"}}, {"model": "admin.logentry", "pk": 33, "fields": {"action_time": "2025-07-16T03:34:33.368Z", "user": 1, "content_type": 10, "object_id": "31", "object_repr": "Passionfruit Iced Tea (Baekiri)", "action_flag": 1, "change_message": "[{\"added\": {}}]"}}, {"model": "admin.logentry", "pk": 34, "fields": {"action_time": "2025-07-16T03:34:45.069Z", "user": 1, "content_type": 10, "object_id": "32", "object_repr": "Barley Grass Health Drink (Baekiri)", "action_flag": 1, "change_message": "[{\"added\": {}}]"}}, {"model": "admin.logentry", "pk": 35, "fields": {"action_time": "2025-07-16T03:35:05.101Z", "user": 1, "content_type": 10, "object_id": "33", "object_repr": "Box of 6 Bun/Pan (Baekiri)", "action_flag": 1, "change_message": "[{\"added\": {}}]"}}, {"model": "admin.logentry", "pk": 36, "fields": {"action_time": "2025-07-16T03:37:12.271Z", "user": 1, "content_type": 10, "object_id": "34", "object_repr": "Glazed Chicken Feast (Beso)", "action_flag": 1, "change_message": "[{\"added\": {}}]"}}, {"model": "admin.logentry", "pk": 37, "fields": {"action_time": "2025-07-16T03:37:37.884Z", "user": 1, "content_type": 10, "object_id": "35", "object_repr": "Beef Delight with Chimichuri (Beso)", "action_flag": 1, "change_message": "[{\"added\": {}}]"}}, {"model": "admin.logentry", "pk": 38, "fields": {"action_time": "2025-07-16T03:38:02.132Z", "user": 1, "content_type": 10, "object_id": "36", "object_repr": "Beef Delight with Chimichuri (Beso)", "action_flag": 1, "change_message": "[{\"added\": {}}]"}}, {"model": "admin.logentry", "pk": 39, "fields": {"action_time": "2025-07-16T03:39:38.216Z", "user": 1, "content_type": 10, "object_id": "37", "object_repr": "Glazed Chicken Feast (Beso)", "action_flag": 1, "change_message": "[{\"added\": {}}]"}}, {"model": "admin.logentry", "pk": 40, "fields": {"action_time": "2025-07-16T03:39:52.597Z", "user": 1, "content_type": 10, "object_id": "38", "object_repr": "Glazed Chicken Feast (Beso)", "action_flag": 1, "change_message": "[{\"added\": {}}]"}}, {"model": "admin.logentry", "pk": 41, "fields": {"action_time": "2025-07-16T03:40:19.414Z", "user": 1, "content_type": 10, "object_id": "39", "object_repr": "Beef Delight with Chimichuri (Beso)", "action_flag": 1, "change_message": "[{\"added\": {}}]"}}, {"model": "admin.logentry", "pk": 42, "fields": {"action_time": "2025-07-16T03:40:37.415Z", "user": 1, "content_type": 10, "object_id": "40", "object_repr": "Sausage Fever (Beso)", "action_flag": 1, "change_message": "[{\"added\": {}}]"}}, {"model": "admin.logentry", "pk": 43, "fields": {"action_time": "2025-07-16T03:40:51.778Z", "user": 1, "content_type": 10, "object_id": "41", "object_repr": "Sausage Fever (Beso)", "action_flag": 1, "change_message": "[{\"added\": {}}]"}}, {"model": "admin.logentry", "pk": 44, "fields": {"action_time": "2025-07-16T03:41:06.113Z", "user": 1, "content_type": 10, "object_id": "42", "object_repr": "Sausage Fever (Beso)", "action_flag": 1, "change_message": "[{\"added\": {}}]"}}, {"model": "admin.logentry", "pk": 45, "fields": {"action_time": "2025-07-16T03:41:54.096Z", "user": 1, "content_type": 10, "object_id": "43", "object_repr": "Glazed Chicken Sandwich (Beso)", "action_flag": 1, "change_message": "[{\"added\": {}}]"}}, {"model": "admin.logentry", "pk": 46, "fields": {"action_time": "2025-07-16T03:42:04.928Z", "user": 1, "content_type": 10, "object_id": "44", "object_repr": "Beef Delight Sandwich (Beso)", "action_flag": 1, "change_message": "[{\"added\": {}}]"}}, {"model": "admin.logentry", "pk": 47, "fields": {"action_time": "2025-07-16T03:42:15.577Z", "user": 1, "content_type": 10, "object_id": "45", "object_repr": "Sausage Fever Sandwich (Beso)", "action_flag": 1, "change_message": "[{\"added\": {}}]"}}, {"model": "admin.logentry", "pk": 48, "fields": {"action_time": "2025-07-16T03:42:41.645Z", "user": 1, "content_type": 10, "object_id": "46", "object_repr": "Sweet Churros (Beso)", "action_flag": 1, "change_message": "[{\"added\": {}}]"}}, {"model": "admin.logentry", "pk": 49, "fields": {"action_time": "2025-07-16T03:42:51.262Z", "user": 1, "content_type": 10, "object_id": "47", "object_repr": "Buffalo Fries (Beso)", "action_flag": 1, "change_message": "[{\"added\": {}}]"}}, {"model": "admin.logentry", "pk": 50, "fields": {"action_time": "2025-07-16T03:43:06.028Z", "user": 1, "content_type": 10, "object_id": "48", "object_repr": "Extra Rice (Beso)", "action_flag": 1, "change_message": "[{\"added\": {}}]"}}, {"model": "admin.logentry", "pk": 51, "fields": {"action_time": "2025-07-16T03:43:17.228Z", "user": 1, "content_type": 10, "object_id": "49", "object_repr": "Chips (Beso)", "action_flag": 1, "change_message": "[{\"added\": {}}]"}}, {"model": "admin.logentry", "pk": 52, "fields": {"action_time": "2025-07-16T03:43:28.660Z", "user": 1, "content_type": 10, "object_id": "50", "object_repr": "Sago’t Gulaman (Beso)", "action_flag": 1, "change_message": "[{\"added\": {}}]"}}, {"model": "admin.logentry", "pk": 53, "fields": {"action_time": "2025-07-16T03:43:54.277Z", "user": 1, "content_type": 10, "object_id": "51", "object_repr": "Roasted Samgyupsal (Busan Cafe)", "action_flag": 1, "change_message": "[{\"added\": {}}]"}}, {"model": "admin.logentry", "pk": 54, "fields": {"action_time": "2025-07-16T03:44:03.393Z", "user": 1, "content_type": 10, "object_id": "52", "object_repr": "Roasted Samgyup Kimchi Chigae (Busan Cafe)", "action_flag": 1, "change_message": "[{\"added\": {}}]"}}, {"model": "admin.logentry", "pk": 55, "fields": {"action_time": "2025-07-16T03:44:16.493Z", "user": 1, "content_type": 10, "object_id": "53", "object_repr": "Roasted Samgyup Soy Bean Soup (Busan Cafe)", "action_flag": 1, "change_message": "[{\"added\": {}}]"}}, {"model": "admin.logentry", "pk": 56, "fields": {"action_time": "2025-07-16T03:44:28.509Z", "user": 1, "content_type": 10, "object_id": "54", "object_repr": "Tonkotsu Rice Meal (Busan Cafe)", "action_flag": 1, "change_message": "[{\"added\": {}}]"}}, {"model": "admin.logentry", "pk": 57, "fields": {"action_time": "2025-07-16T03:44:36.226Z", "user": 1, "content_type": 10, "object_id": "55", "object_repr": "Mozzarella Overload Kimchi Fried Rice (Busan Cafe)", "action_flag": 1, "change_message": "[{\"added\": {}}]"}}, {"model": "admin.logentry", "pk": 58, "fields": {"action_time": "2025-07-16T03:44:44.625Z", "user": 1, "content_type": 10, "object_id": "56", "object_repr": "1988 Style Tteokbokki (Busan Cafe)", "action_flag": 1, "change_message": "[{\"added\": {}}]"}}, {"model": "admin.logentry", "pk": 59, "fields": {"action_time": "2025-07-16T03:44:54.628Z", "user": 1, "content_type": 10, "object_id": "57", "object_repr": "Crispy Dumplings (Busan Cafe)", "action_flag": 1, "change_message": "[{\"added\": {}}]"}}, {"model": "admin.logentry", "pk": 60, "fields": {"action_time": "2025-07-16T03:45:05.325Z", "user": 1, "content_type": 10, "object_id": "58", "object_repr": "Steamed Egg (Busan Cafe)", "action_flag": 1, "change_message": "[{\"added\": {}}]"}}, {"model": "admin.logentry", "pk": 61, "fields": {"action_time": "2025-07-16T03:45:16.858Z", "user": 1, "content_type": 10, "object_id": "59", "object_repr": "Crispy French Fries (Busan Cafe)", "action_flag": 1, "change_message": "[{\"added\": {}}]"}}, {"model": "admin.logentry", "pk": 62, "fields": {"action_time": "2025-07-16T03:45:31.591Z", "user": 1, "content_type": 10, "object_id": "60", "object_repr": "Ramyeon (Busan Cafe)", "action_flag": 1, "change_message": "[{\"added\": {}}]"}}, {"model": "admin.logentry", "pk": 63, "fields": {"action_time": "2025-07-16T03:46:40.009Z", "user": 1, "content_type": 10, "object_id": "61", "object_repr": "Biscoff Cookie Latte (Day Off)", "action_flag": 1, "change_message": "[{\"added\": {}}]"}}, {"model": "admin.logentry", "pk": 64, "fields": {"action_time": "2025-07-16T03:46:52.706Z", "user": 1, "content_type": 10, "object_id": "62", "object_repr": "Biscoff Cookie Latte (Day Off)", "action_flag": 1, "change_message": "[{\"added\": {}}]"}}, {"model": "admin.logentry", "pk": 65, "fields": {"action_time": "2025-07-16T03:47:10.589Z", "user": 1, "content_type": 10, "object_id": "63", "object_repr": "Purple Cloud (Day Off)", "action_flag": 1, "change_message": "[{\"added\": {}}]"}}, {"model": "admin.logentry", "pk": 66, "fields": {"action_time": "2025-07-16T03:47:31.009Z", "user": 1, "content_type": 10, "object_id": "64", "object_repr": "Purple Cloud (Day Off)", "action_flag": 1, "change_message": "[{\"added\": {}}]"}}, {"model": "admin.logentry", "pk": 67, "fields": {"action_time": "2025-07-16T03:47:48.319Z", "user": 1, "content_type": 10, "object_id": "65", "object_repr": "Hibiscus Berry (Day Off)", "action_flag": 1, "change_message": "[{\"added\": {}}]"}}, {"model": "admin.logentry", "pk": 68, "fields": {"action_time": "2025-07-16T03:48:36.323Z", "user": 1, "content_type": 10, "object_id": "66", "object_repr": "Hibiscus Berry (Day Off)", "action_flag": 1, "change_message": "[{\"added\": {}}]"}}, {"model": "admin.logentry", "pk": 69, "fields": {"action_time": "2025-07-16T03:49:02.738Z", "user": 1, "content_type": 10, "object_id": "67", "object_repr": "Seasalt Spanish Latte (Day Off)", "action_flag": 1, "change_message": "[{\"added\": {}}]"}}, {"model": "admin.logentry", "pk": 70, "fields": {"action_time": "2025-07-16T03:49:16.803Z", "user": 1, "content_type": 10, "object_id": "68", "object_repr": "Seasalt Spanish Latte (Day Off)", "action_flag": 1, "change_message": "[{\"added\": {}}]"}}, {"model": "admin.logentry", "pk": 71, "fields": {"action_time": "2025-07-16T03:49:33.338Z", "user": 1, "content_type": 10, "object_id": "69", "object_repr": "Island Mocha (Day Off)", "action_flag": 1, "change_message": "[{\"added\": {}}]"}}, {"model": "admin.logentry", "pk": 72, "fields": {"action_time": "2025-07-16T03:49:48.621Z", "user": 1, "content_type": 10, "object_id": "70", "object_repr": "Island Mocha (Day Off)", "action_flag": 1, "change_message": "[{\"added\": {}}]"}}, {"model": "admin.logentry", "pk": 73, "fields": {"action_time": "2025-07-16T03:50:03.136Z", "user": 1, "content_type": 10, "object_id": "71", "object_repr": "Cherry Vanilla Americano (Day Off)", "action_flag": 1, "change_message": "[{\"added\": {}}]"}}, {"model": "admin.logentry", "pk": 74, "fields": {"action_time": "2025-07-16T03:50:18.221Z", "user": 1, "content_type": 10, "object_id": "72", "object_repr": "Cherry Vanilla Americano (Day Off)", "action_flag": 1, "change_message": "[{\"added\": {}}]"}}, {"model": "admin.logentry", "pk": 75, "fields": {"action_time": "2025-07-16T03:50:33.669Z", "user": 1, "content_type": 10, "object_id": "73", "object_repr": "Matcha Wave (Day Off)", "action_flag": 1, "change_message": "[{\"added\": {}}]"}}, {"model": "admin.logentry", "pk": 76, "fields": {"action_time": "2025-07-16T03:50:43.286Z", "user": 1, "content_type": 10, "object_id": "74", "object_repr": "Matcha Wave (Day Off)", "action_flag": 1, "change_message": "[{\"added\": {}}]"}}, {"model": "admin.logentry", "pk": 77, "fields": {"action_time": "2025-07-16T03:51:01.186Z", "user": 1, "content_type": 10, "object_id": "75", "object_repr": "Strawberry Matcha Kiss (Day Off)", "action_flag": 1, "change_message": "[{\"added\": {}}]"}}, {"model": "admin.logentry", "pk": 78, "fields": {"action_time": "2025-07-16T03:51:18.536Z", "user": 1, "content_type": 10, "object_id": "76", "object_repr": "Strawberry Matcha Kiss (Day Off)", "action_flag": 1, "change_message": "[{\"added\": {}}]"}}, {"model": "admin.logentry", "pk": 79, "fields": {"action_time": "2025-07-16T03:51:31.019Z", "user": 1, "content_type": 10, "object_id": "77", "object_repr": "Purple Matcha (Day Off)", "action_flag": 1, "change_message": "[{\"added\": {}}]"}}, {"model": "admin.logentry", "pk": 80, "fields": {"action_time": "2025-07-16T03:51:40.237Z", "user": 1, "content_type": 10, "object_id": "78", "object_repr": "Purple Matcha (Day Off)", "action_flag": 1, "change_message": "[{\"added\": {}}]"}}, {"model": "admin.logentry", "pk": 81, "fields": {"action_time": "2025-07-16T03:51:53.420Z", "user": 1, "content_type": 10, "object_id": "79", "object_repr": "Raspberry Rendezvous (Day Off)", "action_flag": 1, "change_message": "[{\"added\": {}}]"}}, {"model": "admin.logentry", "pk": 82, "fields": {"action_time": "2025-07-16T03:52:02.635Z", "user": 1, "content_type": 10, "object_id": "80", "object_repr": "Raspberry Rendezvous (Day Off)", "action_flag": 1, "change_message": "[{\"added\": {}}]"}}, {"model": "admin.logentry", "pk": 83, "fields": {"action_time": "2025-07-16T03:52:20.888Z", "user": 1, "content_type": 10, "object_id": "81", "object_repr": "Apple Orchard Spice (Day Off)", "action_flag": 1, "change_message": "[{\"added\": {}}]"}}, {"model": "admin.logentry", "pk": 84, "fields": {"action_time": "2025-07-16T03:52:35.300Z", "user": 1, "content_type": 10, "object_id": "82", "object_repr": "Apple Orchard Spice (Day Off)", "action_flag": 1, "change_message": "[{\"added\": {}}]"}}, {"model": "admin.logentry", "pk": 85, "fields": {"action_time": "2025-07-16T03:52:45.485Z", "user": 1, "content_type": 10, "object_id": "83", "object_repr": "Mango Dragon (Day Off)", "action_flag": 1, "change_message": "[{\"added\": {}}]"}}, {"model": "admin.logentry", "pk": 86, "fields": {"action_time": "2025-07-16T03:52:57.654Z", "user": 1, "content_type": 10, "object_id": "84", "object_repr": "Mango Dragon (Day Off)", "action_flag": 1, "change_message": "[{\"added\": {}}]"}}, {"model": "admin.logentry", "pk": 87, "fields": {"action_time": "2025-07-16T03:53:30.471Z", "user": 1, "content_type": 10, "object_id": "85", "object_repr": "Fish Battered Fish with Rice (GHE)", "action_flag": 1, "change_message": "[{\"added\": {}}]"}}, {"model": "admin.logentry", "pk": 88, "fields": {"action_time": "2025-07-16T03:54:53.684Z", "user": 1, "content_type": 10, "object_id": "86", "object_repr": "Buttered Seafood Rice (GHE)", "action_flag": 1, "change_message": "[{\"added\": {}}]"}}, {"model": "admin.logentry", "pk": 89, "fields": {"action_time": "2025-07-16T03:55:03.766Z", "user": 1, "content_type": 10, "object_id": "87", "object_repr": "Calamari Rice (GHE)", "action_flag": 1, "change_message": "[{\"added\": {}}]"}}, {"model": "admin.logentry", "pk": 90, "fields": {"action_time": "2025-07-16T03:55:14.531Z", "user": 1, "content_type": 10, "object_id": "88", "object_repr": "Beef Wrap (GHE)", "action_flag": 1, "change_message": "[{\"added\": {}}]"}}, {"model": "admin.logentry", "pk": 91, "fields": {"action_time": "2025-07-16T03:55:24.473Z", "user": 1, "content_type": 10, "object_id": "89", "object_repr": "Chicken Wrap (GHE)", "action_flag": 1, "change_message": "[{\"added\": {}}]"}}, {"model": "admin.logentry", "pk": 92, "fields": {"action_time": "2025-07-16T03:55:32.731Z", "user": 1, "content_type": 10, "object_id": "90", "object_repr": "Beef Rice (GHE)", "action_flag": 1, "change_message": "[{\"added\": {}}]"}}, {"model": "admin.logentry", "pk": 93, "fields": {"action_time": "2025-07-16T03:55:44.533Z", "user": 1, "content_type": 10, "object_id": "91", "object_repr": "Chicken Rice (GHE)", "action_flag": 1, "change_message": "[{\"added\": {}}]"}}, {"model": "admin.logentry", "pk": 94, "fields": {"action_time": "2025-07-16T03:55:58.550Z", "user": 1, "content_type": 10, "object_id": "92", "object_repr": "Beef Fries (GHE)", "action_flag": 1, "change_message": "[{\"added\": {}}]"}}, {"model": "admin.logentry", "pk": 95, "fields": {"action_time": "2025-07-16T03:56:09.481Z", "user": 1, "content_type": 10, "object_id": "93", "object_repr": "Chicken Fries (GHE)", "action_flag": 1, "change_message": "[{\"added\": {}}]"}}, {"model": "admin.logentry", "pk": 96, "fields": {"action_time": "2025-07-16T03:56:17.467Z", "user": 1, "content_type": 10, "object_id": "94", "object_repr": "Golden Cheese Donuts (GHE)", "action_flag": 1, "change_message": "[{\"added\": {}}]"}}, {"model": "admin.logentry", "pk": 97, "fields": {"action_time": "2025-07-16T03:56:25.798Z", "user": 1, "content_type": 10, "object_id": "95", "object_repr": "Powdered Donuts (GHE)", "action_flag": 1, "change_message": "[{\"added\": {}}]"}}, {"model": "admin.logentry", "pk": 98, "fields": {"action_time": "2025-07-16T03:56:35.964Z", "user": 1, "content_type": 10, "object_id": "96", "object_repr": "Sangria (GHE)", "action_flag": 1, "change_message": "[{\"added\": {}}]"}}, {"model": "admin.logentry", "pk": 99, "fields": {"action_time": "2025-07-16T03:56:44.931Z", "user": 1, "content_type": 10, "object_id": "97", "object_repr": "Mojito (GHE)", "action_flag": 1, "change_message": "[{\"added\": {}}]"}}, {"model": "admin.logentry", "pk": 100, "fields": {"action_time": "2025-07-16T03:57:08.595Z", "user": 1, "content_type": 10, "object_id": "98", "object_repr": "Beef Bowl (Kebros)", "action_flag": 1, "change_message": "[{\"added\": {}}]"}}, {"model": "admin.logentry", "pk": 101, "fields": {"action_time": "2025-07-16T03:57:18.030Z", "user": 1, "content_type": 10, "object_id": "99", "object_repr": "Pepper Steak Wrap (Kebros)", "action_flag": 1, "change_message": "[{\"added\": {}}]"}}, {"model": "admin.logentry", "pk": 102, "fields": {"action_time": "2025-07-16T03:57:26.366Z", "user": 1, "content_type": 10, "object_id": "100", "object_repr": "One Big Beef (Kebros)", "action_flag": 1, "change_message": "[{\"added\": {}}]"}}, {"model": "admin.logentry", "pk": 103, "fields": {"action_time": "2025-07-16T03:57:36.428Z", "user": 1, "content_type": 10, "object_id": "101", "object_repr": "Hey Chick (Kebros)", "action_flag": 1, "change_message": "[{\"added\": {}}]"}}, {"model": "admin.logentry", "pk": 104, "fields": {"action_time": "2025-07-16T03:57:50.731Z", "user": 1, "content_type": 10, "object_id": "102", "object_repr": "Beefy Wrap (Kebros)", "action_flag": 1, "change_message": "[{\"added\": {}}]"}}, {"model": "admin.logentry", "pk": 105, "fields": {"action_time": "2025-07-16T03:58:02.214Z", "user": 1, "content_type": 10, "object_id": "103", "object_repr": "Chick ‘n Wrap (Kebros)", "action_flag": 1, "change_message": "[{\"added\": {}}]"}}, {"model": "admin.logentry", "pk": 106, "fields": {"action_time": "2025-07-16T03:58:17.164Z", "user": 1, "content_type": 10, "object_id": "104", "object_repr": "Iced Tea (Kebros)", "action_flag": 1, "change_message": "[{\"added\": {}}]"}}, {"model": "admin.logentry", "pk": 107, "fields": {"action_time": "2025-07-16T03:58:27.519Z", "user": 1, "content_type": 10, "object_id": "105", "object_repr": "Beef Kebab (1pc) (Kebros)", "action_flag": 1, "change_message": "[{\"added\": {}}]"}}, {"model": "admin.logentry", "pk": 108, "fields": {"action_time": "2025-07-16T03:58:38.971Z", "user": 1, "content_type": 10, "object_id": "106", "object_repr": "Chicken Kebab (1pc) (Kebros)", "action_flag": 1, "change_message": "[{\"added\": {}}]"}}, {"model": "admin.logentry", "pk": 109, "fields": {"action_time": "2025-07-16T03:58:59.905Z", "user": 1, "content_type": 10, "object_id": "107", "object_repr": "Extra Sauce (Kebros)", "action_flag": 1, "change_message": "[{\"added\": {}}]"}}, {"model": "admin.logentry", "pk": 110, "fields": {"action_time": "2025-07-16T03:59:12.239Z", "user": 1, "content_type": 10, "object_id": "108", "object_repr": "Extra Sauce (Kebros)", "action_flag": 1, "change_message": "[{\"added\": {}}]"}}, {"model": "admin.logentry", "pk": 111, "fields": {"action_time": "2025-07-16T03:59:27.619Z", "user": 1, "content_type": 10, "object_id": "109", "object_repr": "Extra Sauce (Kebros)", "action_flag": 1, "change_message": "[{\"added\": {}}]"}}, {"model": "admin.logentry", "pk": 112, "fields": {"action_time": "2025-07-16T03:59:35.135Z", "user": 1, "content_type": 10, "object_id": "110", "object_repr": "Extra Rice (Kebros)", "action_flag": 1, "change_message": "[{\"added\": {}}]"}}, {"model": "admin.logentry", "pk": 113, "fields": {"action_time": "2025-07-16T03:59:44.320Z", "user": 1, "content_type": 10, "object_id": "111", "object_repr": "Extra Pita (Kebros)", "action_flag": 1, "change_message": "[{\"added\": {}}]"}}, {"model": "admin.logentry", "pk": 114, "fields": {"action_time": "2025-07-16T03:59:55.655Z", "user": 1, "content_type": 10, "object_id": "112", "object_repr": "Peach Tea (Kebros)", "action_flag": 1, "change_message": "[{\"added\": {}}]"}}, {"model": "admin.logentry", "pk": 115, "fields": {"action_time": "2025-07-16T04:00:25.472Z", "user": 1, "content_type": 10, "object_id": "113", "object_repr": "Hibiscus Tea (Kebros)", "action_flag": 1, "change_message": "[{\"added\": {}}]"}}, {"model": "admin.logentry", "pk": 116, "fields": {"action_time": "2025-07-16T04:00:35.421Z", "user": 1, "content_type": 10, "object_id": "114", "object_repr": "Calamansi Tea (Kebros)", "action_flag": 1, "change_message": "[{\"added\": {}}]"}}, {"model": "admin.logentry", "pk": 117, "fields": {"action_time": "2025-07-16T04:00:45.639Z", "user": 1, "content_type": 10, "object_id": "115", "object_repr": "Iced Horchata (Kebros)", "action_flag": 1, "change_message": "[{\"added\": {}}]"}}, {"model": "admin.logentry", "pk": 118, "fields": {"action_time": "2025-07-16T04:00:56.502Z", "user": 1, "content_type": 10, "object_id": "116", "object_repr": "Yogurt Lassi (Kebros)", "action_flag": 1, "change_message": "[{\"added\": {}}]"}}, {"model": "admin.logentry", "pk": 119, "fields": {"action_time": "2025-07-16T04:01:13.519Z", "user": 1, "content_type": 10, "object_id": "117", "object_repr": "Thai Milk Tea (Khao San)", "action_flag": 1, "change_message": "[{\"added\": {}}]"}}, {"model": "admin.logentry", "pk": 120, "fields": {"action_time": "2025-07-16T04:01:23.072Z", "user": 1, "content_type": 10, "object_id": "118", "object_repr": "Thai Milk Tea with Boba (Khao San)", "action_flag": 1, "change_message": "[{\"added\": {}}]"}}, {"model": "admin.logentry", "pk": 121, "fields": {"action_time": "2025-07-16T04:01:33.469Z", "user": 1, "content_type": 10, "object_id": "119", "object_repr": "Chicken Pad Thai (Khao San)", "action_flag": 1, "change_message": "[{\"added\": {}}]"}}, {"model": "admin.logentry", "pk": 122, "fields": {"action_time": "2025-07-16T04:01:44.668Z", "user": 1, "content_type": 10, "object_id": "120", "object_repr": "Pad Thai (Khao San)", "action_flag": 1, "change_message": "[{\"added\": {}}]"}}, {"model": "admin.logentry", "pk": 123, "fields": {"action_time": "2025-07-16T04:01:54.037Z", "user": 1, "content_type": 10, "object_id": "121", "object_repr": "Thai Green Curry (Khao San)", "action_flag": 1, "change_message": "[{\"added\": {}}]"}}, {"model": "admin.logentry", "pk": 124, "fields": {"action_time": "2025-07-16T04:02:03.886Z", "user": 1, "content_type": 10, "object_id": "122", "object_repr": "Pad Kra Pao (Khao San)", "action_flag": 1, "change_message": "[{\"added\": {}}]"}}, {"model": "admin.logentry", "pk": 125, "fields": {"action_time": "2025-07-16T04:02:12.602Z", "user": 1, "content_type": 10, "object_id": "123", "object_repr": "Mango Sticky Rice (Khao San)", "action_flag": 1, "change_message": "[{\"added\": {}}]"}}, {"model": "admin.logentry", "pk": 126, "fields": {"action_time": "2025-07-16T04:02:23.691Z", "user": 1, "content_type": 10, "object_id": "124", "object_repr": "Choco Thai Milk Tea (Khao San)", "action_flag": 1, "change_message": "[{\"added\": {}}]"}}, {"model": "admin.logentry", "pk": 127, "fields": {"action_time": "2025-07-16T04:03:41.088Z", "user": 1, "content_type": 10, "object_id": "125", "object_repr": "Choco Thai Milk Tea with Boba (Khao San)", "action_flag": 1, "change_message": "[{\"added\": {}}]"}}, {"model": "admin.logentry", "pk": 128, "fields": {"action_time": "2025-07-16T04:03:54.839Z", "user": 1, "content_type": 10, "object_id": "126", "object_repr": "Lamon Burger (Lamon)", "action_flag": 1, "change_message": "[{\"added\": {}}]"}}, {"model": "admin.logentry", "pk": 129, "fields": {"action_time": "2025-07-16T04:04:08.839Z", "user": 1, "content_type": 10, "object_id": "127", "object_repr": "Grilled Cheese ng Ina mo (Lamon)", "action_flag": 1, "change_message": "[{\"added\": {}}]"}}, {"model": "admin.logentry", "pk": 130, "fields": {"action_time": "2025-07-16T04:04:21.571Z", "user": 1, "content_type": 10, "object_id": "128", "object_repr": "Grilled Cheese ng Ina mo (Lamon)", "action_flag": 1, "change_message": "[{\"added\": {}}]"}}, {"model": "admin.logentry", "pk": 131, "fields": {"action_time": "2025-07-16T04:04:48.953Z", "user": 1, "content_type": 10, "object_id": "129", "object_repr": "Grilled Cheese ng Ama Mo (Lamon)", "action_flag": 1, "change_message": "[{\"added\": {}}]"}}, {"model": "admin.logentry", "pk": 132, "fields": {"action_time": "2025-07-16T04:05:01.605Z", "user": 1, "content_type": 10, "object_id": "130", "object_repr": "Grilled Cheese ng Ama Mo (Lamon)", "action_flag": 1, "change_message": "[{\"added\": {}}]"}}, {"model": "admin.logentry", "pk": 133, "fields": {"action_time": "2025-07-16T04:05:19.155Z", "user": 1, "content_type": 10, "object_id": "131", "object_repr": "Grilled Cheese ng Ama Mo (Lamon)", "action_flag": 1, "change_message": "[{\"added\": {}}]"}}, {"model": "admin.logentry", "pk": 134, "fields": {"action_time": "2025-07-16T04:05:31.772Z", "user": 1, "content_type": 10, "object_id": "132", "object_repr": "Good Ass Steak (G.A.S) (Lamon)", "action_flag": 1, "change_message": "[{\"added\": {}}]"}}, {"model": "admin.logentry", "pk": 135, "fields": {"action_time": "2025-07-16T04:05:40.741Z", "user": 1, "content_type": 10, "object_id": "133", "object_repr": "BLT Bowl (Lamon)", "action_flag": 1, "change_message": "[{\"added\": {}}]"}}, {"model": "admin.logentry", "pk": 136, "fields": {"action_time": "2025-07-16T04:05:51.219Z", "user": 1, "content_type": 10, "object_id": "134", "object_repr": "Chicken Kapow (Lamon)", "action_flag": 1, "change_message": "[{\"added\": {}}]"}}, {"model": "admin.logentry", "pk": 137, "fields": {"action_time": "2025-07-16T04:06:01.170Z", "user": 1, "content_type": 10, "object_id": "135", "object_repr": "Smokey Robbinson (Lamon)", "action_flag": 1, "change_message": "[{\"added\": {}}]"}}, {"model": "admin.logentry", "pk": 138, "fields": {"action_time": "2025-07-16T04:06:26.922Z", "user": 1, "content_type": 10, "object_id": "136", "object_repr": "Rigatoni Arrabiata (Made Italian by Hanan)", "action_flag": 1, "change_message": "[{\"added\": {}}]"}}, {"model": "admin.logentry", "pk": 139, "fields": {"action_time": "2025-07-16T04:06:45.938Z", "user": 1, "content_type": 10, "object_id": "137", "object_repr": "Truffle Cream Alfredo (Made Italian by Hanan)", "action_flag": 1, "change_message": "[{\"added\": {}}]"}}, {"model": "admin.logentry", "pk": 140, "fields": {"action_time": "2025-07-16T04:06:54.138Z", "user": 1, "content_type": 10, "object_id": "138", "object_repr": "Pollo Pesto (Made Italian by Hanan)", "action_flag": 1, "change_message": "[{\"added\": {}}]"}}, {"model": "admin.logentry", "pk": 141, "fields": {"action_time": "2025-07-16T04:07:03.238Z", "user": 1, "content_type": 10, "object_id": "139", "object_repr": "Chicken Inasal Sisig (Made Italian by Hanan)", "action_flag": 1, "change_message": "[{\"added\": {}}]"}}, {"model": "admin.logentry", "pk": 142, "fields": {"action_time": "2025-07-16T04:07:14.619Z", "user": 1, "content_type": 10, "object_id": "140", "object_repr": "Lechon Kawali Kare Kare (Made Italian by Hanan)", "action_flag": 1, "change_message": "[{\"added\": {}}]"}}, {"model": "admin.logentry", "pk": 143, "fields": {"action_time": "2025-07-16T04:07:35.320Z", "user": 1, "content_type": 10, "object_id": "141", "object_repr": "Cheesy Dynamite (Made Italian by Hanan)", "action_flag": 1, "change_message": "[{\"added\": {}}]"}}, {"model": "admin.logentry", "pk": 144, "fields": {"action_time": "2025-07-16T04:07:51.074Z", "user": 1, "content_type": 10, "object_id": "142", "object_repr": "Milky Halo-Halo (Made Italian by Hanan)", "action_flag": 1, "change_message": "[{\"added\": {}}]"}}, {"model": "admin.logentry", "pk": 145, "fields": {"action_time": "2025-07-16T04:08:04.072Z", "user": 1, "content_type": 10, "object_id": "143", "object_repr": "Ube Halo-Halo Scramble (Made Italian by Hanan)", "action_flag": 1, "change_message": "[{\"added\": {}}]"}}, {"model": "admin.logentry", "pk": 146, "fields": {"action_time": "2025-07-16T04:08:13.406Z", "user": 1, "content_type": 10, "object_id": "144", "object_repr": "Pomme Spritz (Made Italian by Hanan)", "action_flag": 1, "change_message": "[{\"added\": {}}]"}}, {"model": "admin.logentry", "pk": 147, "fields": {"action_time": "2025-07-16T04:08:25.238Z", "user": 1, "content_type": 10, "object_id": "145", "object_repr": "Blue Lagoon Spritz (Made Italian by Hanan)", "action_flag": 1, "change_message": "[{\"added\": {}}]"}}, {"model": "admin.logentry", "pk": 148, "fields": {"action_time": "2025-07-16T04:08:45.090Z", "user": 1, "content_type": 10, "object_id": "146", "object_repr": "Nonna’s Mango Tea (Made Italian by Hanan)", "action_flag": 1, "change_message": "[{\"added\": {}}]"}}, {"model": "admin.logentry", "pk": 149, "fields": {"action_time": "2025-07-16T04:09:00.073Z", "user": 1, "content_type": 10, "object_id": "147", "object_repr": "Sola Raspberry (Made Italian by Hanan)", "action_flag": 1, "change_message": "[{\"added\": {}}]"}}, {"model": "admin.logentry", "pk": 150, "fields": {"action_time": "2025-07-16T04:10:10.793Z", "user": 1, "content_type": 10, "object_id": "148", "object_repr": "Lemon Chicken (Makan)", "action_flag": 1, "change_message": "[{\"added\": {}}]"}}, {"model": "admin.logentry", "pk": 151, "fields": {"action_time": "2025-07-16T04:10:26.655Z", "user": 1, "content_type": 10, "object_id": "149", "object_repr": "Soy Garlic Chicken (Makan)", "action_flag": 1, "change_message": "[{\"added\": {}}]"}}, {"model": "admin.logentry", "pk": 152, "fields": {"action_time": "2025-07-16T04:11:38.260Z", "user": 1, "content_type": 10, "object_id": "150", "object_repr": "Five Spice Pork (Makan)", "action_flag": 1, "change_message": "[{\"added\": {}}]"}}, {"model": "admin.logentry", "pk": 153, "fields": {"action_time": "2025-07-16T04:12:50.373Z", "user": 1, "content_type": 10, "object_id": "151", "object_repr": "Char Siu Pork (Makan)", "action_flag": 1, "change_message": "[{\"added\": {}}]"}}, {"model": "admin.logentry", "pk": 154, "fields": {"action_time": "2025-07-16T04:13:00.155Z", "user": 1, "content_type": 10, "object_id": "152", "object_repr": "Hainanese Chicken (Makan)", "action_flag": 1, "change_message": "[{\"added\": {}}]"}}, {"model": "admin.logentry", "pk": 155, "fields": {"action_time": "2025-07-16T04:13:11.838Z", "user": 1, "content_type": 10, "object_id": "153", "object_repr": "Mango Makan (Makan)", "action_flag": 1, "change_message": "[{\"added\": {}}]"}}, {"model": "admin.logentry", "pk": 156, "fields": {"action_time": "2025-07-16T04:13:20.324Z", "user": 1, "content_type": 10, "object_id": "154", "object_repr": "Mango Iced Tea (Makan)", "action_flag": 1, "change_message": "[{\"added\": {}}]"}}, {"model": "admin.logentry", "pk": 157, "fields": {"action_time": "2025-07-16T04:13:31.176Z", "user": 1, "content_type": 10, "object_id": "155", "object_repr": "Milo Dinosaur (Makan)", "action_flag": 1, "change_message": "[{\"added\": {}}]"}}, {"model": "admin.logentry", "pk": 158, "fields": {"action_time": "2025-07-16T04:13:39.893Z", "user": 1, "content_type": 10, "object_id": "156", "object_repr": "Milo Crunch (Makan)", "action_flag": 1, "change_message": "[{\"added\": {}}]"}}, {"model": "admin.logentry", "pk": 159, "fields": {"action_time": "2025-07-16T04:13:58.640Z", "user": 1, "content_type": 10, "object_id": "157", "object_repr": "Add Ons (Makan)", "action_flag": 1, "change_message": "[{\"added\": {}}]"}}, {"model": "admin.logentry", "pk": 160, "fields": {"action_time": "2025-07-16T04:14:12.058Z", "user": 1, "content_type": 10, "object_id": "158", "object_repr": "Add Ons (Makan)", "action_flag": 1, "change_message": "[{\"added\": {}}]"}}, {"model": "admin.logentry", "pk": 161, "fields": {"action_time": "2025-07-16T04:14:27.924Z", "user": 1, "content_type": 10, "object_id": "159", "object_repr": "Katsudon (Nokoru)", "action_flag": 1, "change_message": "[{\"added\": {}}]"}}, {"model": "admin.logentry", "pk": 162, "fields": {"action_time": "2025-07-16T04:14:39.524Z", "user": 1, "content_type": 10, "object_id": "160", "object_repr": "Chicken Curry (Nokoru)", "action_flag": 1, "change_message": "[{\"added\": {}}]"}}, {"model": "admin.logentry", "pk": 163, "fields": {"action_time": "2025-07-16T04:14:56.006Z", "user": 1, "content_type": 10, "object_id": "161", "object_repr": "Tonkatsu (Nokoru)", "action_flag": 1, "change_message": "[{\"added\": {}}]"}}, {"model": "admin.logentry", "pk": 164, "fields": {"action_time": "2025-07-16T04:15:05.707Z", "user": 1, "content_type": 10, "object_id": "162", "object_repr": "Chicken Teriyaki (Nokoru)", "action_flag": 1, "change_message": "[{\"added\": {}}]"}}, {"model": "admin.logentry", "pk": 165, "fields": {"action_time": "2025-07-16T04:15:14.490Z", "user": 1, "content_type": 10, "object_id": "163", "object_repr": "Katsu Curry (Nokoru)", "action_flag": 1, "change_message": "[{\"added\": {}}]"}}, {"model": "admin.logentry", "pk": 166, "fields": {"action_time": "2025-07-16T04:15:24.975Z", "user": 1, "content_type": 10, "object_id": "164", "object_repr": "Red Iced Tea (Nokoru)", "action_flag": 1, "change_message": "[{\"added\": {}}]"}}, {"model": "admin.logentry", "pk": 167, "fields": {"action_time": "2025-07-16T04:15:40.575Z", "user": 1, "content_type": 10, "object_id": "165", "object_repr": "Takoyaki Fries (Nokoru)", "action_flag": 1, "change_message": "[{\"added\": {}}]"}}, {"model": "admin.logentry", "pk": 168, "fields": {"action_time": "2025-07-16T04:15:52.540Z", "user": 1, "content_type": 10, "object_id": "166", "object_repr": "Beef Pares (Shabooga)", "action_flag": 1, "change_message": "[{\"added\": {}}]"}}, {"model": "admin.logentry", "pk": 169, "fields": {"action_time": "2025-07-16T04:16:02.908Z", "user": 1, "content_type": 10, "object_id": "167", "object_repr": "Overload Beef Pares (Shabooga)", "action_flag": 1, "change_message": "[{\"added\": {}}]"}}, {"model": "admin.logentry", "pk": 170, "fields": {"action_time": "2025-07-16T04:16:11.658Z", "user": 1, "content_type": 10, "object_id": "168", "object_repr": "Pork Sisig (Shabooga)", "action_flag": 1, "change_message": "[{\"added\": {}}]"}}, {"model": "admin.logentry", "pk": 171, "fields": {"action_time": "2025-07-16T04:16:22.873Z", "user": 1, "content_type": 10, "object_id": "169", "object_repr": "Beach Mango (Shabooga)", "action_flag": 1, "change_message": "[{\"added\": {}}]"}}, {"model": "admin.logentry", "pk": 172, "fields": {"action_time": "2025-07-16T04:16:31.627Z", "user": 1, "content_type": 10, "object_id": "170", "object_repr": "The Banana Berry (Shabooga)", "action_flag": 1, "change_message": "[{\"added\": {}}]"}}, {"model": "admin.logentry", "pk": 173, "fields": {"action_time": "2025-07-16T04:16:45.357Z", "user": 1, "content_type": 10, "object_id": "171", "object_repr": "Dubai Chocolate (Shabooga)", "action_flag": 1, "change_message": "[{\"added\": {}}]"}}, {"model": "admin.logentry", "pk": 174, "fields": {"action_time": "2025-07-16T04:16:54.574Z", "user": 1, "content_type": 10, "object_id": "172", "object_repr": "Mango Graham (Shabooga)", "action_flag": 1, "change_message": "[{\"added\": {}}]"}}, {"model": "admin.logentry", "pk": 175, "fields": {"action_time": "2025-07-16T04:17:04.708Z", "user": 1, "content_type": 10, "object_id": "173", "object_repr": "Very Berry Peach (Shabooga)", "action_flag": 1, "change_message": "[{\"added\": {}}]"}}, {"model": "admin.logentry", "pk": 176, "fields": {"action_time": "2025-07-16T04:17:35.926Z", "user": 1, "content_type": 10, "object_id": "174", "object_repr": "Caesar Salad (Simply)", "action_flag": 1, "change_message": "[{\"added\": {}}]"}}, {"model": "admin.logentry", "pk": 177, "fields": {"action_time": "2025-07-16T04:17:44.624Z", "user": 1, "content_type": 10, "object_id": "175", "object_repr": "Caesar Salad (Simply)", "action_flag": 1, "change_message": "[{\"added\": {}}]"}}, {"model": "admin.logentry", "pk": 178, "fields": {"action_time": "2025-07-16T04:17:53.391Z", "user": 1, "content_type": 10, "object_id": "176", "object_repr": "Caesar Salad (Simply)", "action_flag": 1, "change_message": "[{\"added\": {}}]"}}, {"model": "admin.logentry", "pk": 179, "fields": {"action_time": "2025-07-16T04:18:05.592Z", "user": 1, "content_type": 10, "object_id": "177", "object_repr": "Garlic Chicken (Simply)", "action_flag": 1, "change_message": "[{\"added\": {}}]"}}, {"model": "admin.logentry", "pk": 180, "fields": {"action_time": "2025-07-16T04:18:15.941Z", "user": 1, "content_type": 10, "object_id": "178", "object_repr": "Garlic Chicken (Simply)", "action_flag": 1, "change_message": "[{\"added\": {}}]"}}, {"model": "admin.logentry", "pk": 181, "fields": {"action_time": "2025-07-16T04:18:26.775Z", "user": 1, "content_type": 10, "object_id": "179", "object_repr": "Garlic Chicken (Simply)", "action_flag": 1, "change_message": "[{\"added\": {}}]"}}, {"model": "admin.logentry", "pk": 182, "fields": {"action_time": "2025-07-16T04:18:40.508Z", "user": 1, "content_type": 10, "object_id": "180", "object_repr": "Kani Mango (Simply)", "action_flag": 1, "change_message": "[{\"added\": {}}]"}}, {"model": "admin.logentry", "pk": 183, "fields": {"action_time": "2025-07-16T04:18:54.642Z", "user": 1, "content_type": 10, "object_id": "181", "object_repr": "Kani Mango (Simply)", "action_flag": 1, "change_message": "[{\"added\": {}}]"}}, {"model": "admin.logentry", "pk": 184, "fields": {"action_time": "2025-07-16T04:19:05.076Z", "user": 1, "content_type": 10, "object_id": "182", "object_repr": "Kani Mango (Simply)", "action_flag": 1, "change_message": "[{\"added\": {}}]"}}, {"model": "admin.logentry", "pk": 185, "fields": {"action_time": "2025-07-16T04:19:19.724Z", "user": 1, "content_type": 10, "object_id": "183", "object_repr": "Apple Cranberry Walnut (Simply)", "action_flag": 1, "change_message": "[{\"added\": {}}]"}}, {"model": "admin.logentry", "pk": 186, "fields": {"action_time": "2025-07-16T04:19:54.762Z", "user": 1, "content_type": 10, "object_id": "184", "object_repr": "Apple Cranberry Walnut (Simply)", "action_flag": 1, "change_message": "[{\"added\": {}}]"}}, {"model": "admin.logentry", "pk": 187, "fields": {"action_time": "2025-07-16T04:20:04.908Z", "user": 1, "content_type": 10, "object_id": "185", "object_repr": "Apple Cranberry Walnut (Simply)", "action_flag": 1, "change_message": "[{\"added\": {}}]"}}, {"model": "admin.logentry", "pk": 188, "fields": {"action_time": "2025-07-16T04:20:15.427Z", "user": 1, "content_type": 10, "object_id": "186", "object_repr": "Apple Cranberry Walnut (Simply)", "action_flag": 1, "change_message": "[{\"added\": {}}]"}}, {"model": "admin.logentry", "pk": 189, "fields": {"action_time": "2025-07-16T04:22:14.818Z", "user": 1, "content_type": 10, "object_id": "187", "object_repr": "Apple Cranberry Walnut (Simply)", "action_flag": 1, "change_message": "[{\"added\": {}}]"}}, {"model": "admin.logentry", "pk": 190, "fields": {"action_time": "2025-07-16T04:22:25.585Z", "user": 1, "content_type": 10, "object_id": "188", "object_repr": "Apple Cranberry Walnut (Simply)", "action_flag": 1, "change_message": "[{\"added\": {}}]"}}, {"model": "admin.logentry", "pk": 191, "fields": {"action_time": "2025-07-16T04:22:41.721Z", "user": 1, "content_type": 10, "object_id": "189", "object_repr": "Salmon Balsamic (Simply)", "action_flag": 1, "change_message": "[{\"added\": {}}]"}}, {"model": "admin.logentry", "pk": 192, "fields": {"action_time": "2025-07-16T04:23:17.640Z", "user": 1, "content_type": 10, "object_id": "190", "object_repr": "Salmon Balsamic (Simply)", "action_flag": 1, "change_message": "[{\"added\": {}}]"}}, {"model": "admin.logentry", "pk": 193, "fields": {"action_time": "2025-07-16T04:23:28.121Z", "user": 1, "content_type": 10, "object_id": "191", "object_repr": "Salmon Balsamic (Simply)", "action_flag": 1, "change_message": "[{\"added\": {}}]"}}, {"model": "admin.logentry", "pk": 194, "fields": {"action_time": "2025-07-16T04:23:39.537Z", "user": 1, "content_type": 10, "object_id": "192", "object_repr": "Vegan Avocado (Simply)", "action_flag": 1, "change_message": "[{\"added\": {}}]"}}, {"model": "admin.logentry", "pk": 195, "fields": {"action_time": "2025-07-16T04:23:49.839Z", "user": 1, "content_type": 10, "object_id": "193", "object_repr": "Vegan Avocado (Simply)", "action_flag": 1, "change_message": "[{\"added\": {}}]"}}, {"model": "admin.logentry", "pk": 196, "fields": {"action_time": "2025-07-16T04:24:00.805Z", "user": 1, "content_type": 10, "object_id": "194", "object_repr": "Vegan Avocado (Simply)", "action_flag": 1, "change_message": "[{\"added\": {}}]"}}, {"model": "admin.logentry", "pk": 197, "fields": {"action_time": "2025-07-16T04:24:10.987Z", "user": 1, "content_type": 10, "object_id": "195", "object_repr": "Asian Salmon (Simply)", "action_flag": 1, "change_message": "[{\"added\": {}}]"}}, {"model": "admin.logentry", "pk": 198, "fields": {"action_time": "2025-07-16T04:24:19.772Z", "user": 1, "content_type": 10, "object_id": "196", "object_repr": "Asian Salmon (Simply)", "action_flag": 1, "change_message": "[{\"added\": {}}]"}}, {"model": "admin.logentry", "pk": 199, "fields": {"action_time": "2025-07-16T04:24:39.055Z", "user": 1, "content_type": 10, "object_id": "197", "object_repr": "Asian Salmon (Simply)", "action_flag": 1, "change_message": "[{\"added\": {}}]"}}, {"model": "admin.logentry", "pk": 200, "fields": {"action_time": "2025-07-16T04:24:53.806Z", "user": 1, "content_type": 10, "object_id": "198", "object_repr": "Avocado Chicken (Simply)", "action_flag": 1, "change_message": "[{\"added\": {}}]"}}, {"model": "admin.logentry", "pk": 201, "fields": {"action_time": "2025-07-16T04:25:01.639Z", "user": 1, "content_type": 10, "object_id": "199", "object_repr": "Avocado Chicken (Simply)", "action_flag": 1, "change_message": "[{\"added\": {}}]"}}, {"model": "admin.logentry", "pk": 202, "fields": {"action_time": "2025-07-16T04:25:11.289Z", "user": 1, "content_type": 10, "object_id": "200", "object_repr": "Avocado Chicken (Simply)", "action_flag": 1, "change_message": "[{\"added\": {}}]"}}, {"model": "admin.logentry", "pk": 203, "fields": {"action_time": "2025-07-16T04:25:25.890Z", "user": 1, "content_type": 10, "object_id": "201", "object_repr": "Honey Dalandan (Simply)", "action_flag": 1, "change_message": "[{\"added\": {}}]"}}, {"model": "admin.logentry", "pk": 204, "fields": {"action_time": "2025-07-16T04:25:36.022Z", "user": 1, "content_type": 10, "object_id": "202", "object_repr": "Banana Chocolate Protein (Simply)", "action_flag": 1, "change_message": "[{\"added\": {}}]"}}, {"model": "admin.logentry", "pk": 205, "fields": {"action_time": "2025-07-16T04:25:51.608Z", "user": 1, "content_type": 10, "object_id": "203", "object_repr": "Pink Coconut Lemonade (Simply)", "action_flag": 1, "change_message": "[{\"added\": {}}]"}}, {"model": "admin.logentry", "pk": 206, "fields": {"action_time": "2025-07-16T04:26:19.123Z", "user": 1, "content_type": 10, "object_id": "204", "object_repr": "Smoked Chicken with Garlic Rice and Egg (Smok’d)", "action_flag": 1, "change_message": "[{\"added\": {}}]"}}, {"model": "admin.logentry", "pk": 207, "fields": {"action_time": "2025-07-16T04:26:31.609Z", "user": 1, "content_type": 10, "object_id": "205", "object_repr": "Smoked Chicken with Garlic Rice and Egg (Smok’d)", "action_flag": 1, "change_message": "[{\"added\": {}}]"}}, {"model": "admin.logentry", "pk": 208, "fields": {"action_time": "2025-07-16T04:26:50.538Z", "user": 1, "content_type": 10, "object_id": "206", "object_repr": "Smoked Pork with Garlic Rice and Egg (Smok’d)", "action_flag": 1, "change_message": "[{\"added\": {}}]"}}, {"model": "admin.logentry", "pk": 209, "fields": {"action_time": "2025-07-16T04:26:59.758Z", "user": 1, "content_type": 10, "object_id": "207", "object_repr": "Smoked Pork with Garlic Rice and Egg (Smok’d)", "action_flag": 1, "change_message": "[{\"added\": {}}]"}}, {"model": "admin.logentry", "pk": 210, "fields": {"action_time": "2025-07-16T04:27:15.476Z", "user": 1, "content_type": 10, "object_id": "208", "object_repr": "Smoked Chicken Wrap (Smok’d)", "action_flag": 1, "change_message": "[{\"added\": {}}]"}}, {"model": "admin.logentry", "pk": 211, "fields": {"action_time": "2025-07-16T04:27:38.192Z", "user": 1, "content_type": 10, "object_id": "209", "object_repr": "Smoked Pork Wrap (Smok’d)", "action_flag": 1, "change_message": "[{\"added\": {}}]"}}, {"model": "admin.logentry", "pk": 212, "fields": {"action_time": "2025-07-16T04:27:45.442Z", "user": 1, "content_type": 10, "object_id": "210", "object_repr": "Plain Loopies (Smok’d)", "action_flag": 1, "change_message": "[{\"added\": {}}]"}}, {"model": "admin.logentry", "pk": 213, "fields": {"action_time": "2025-07-16T04:27:54.525Z", "user": 1, "content_type": 10, "object_id": "211", "object_repr": "Dirty Fries (Smok’d)", "action_flag": 1, "change_message": "[{\"added\": {}}]"}}, {"model": "admin.logentry", "pk": 214, "fields": {"action_time": "2025-07-16T04:28:05.273Z", "user": 1, "content_type": 10, "object_id": "212", "object_repr": "Wokwei Fried Rice (Wokwei)", "action_flag": 1, "change_message": "[{\"added\": {}}]"}}, {"model": "admin.logentry", "pk": 215, "fields": {"action_time": "2025-07-16T04:28:14.942Z", "user": 1, "content_type": 10, "object_id": "213", "object_repr": "HK Fried Noodles (Wokwei)", "action_flag": 1, "change_message": "[{\"added\": {}}]"}}, {"model": "admin.logentry", "pk": 216, "fields": {"action_time": "2025-07-16T04:28:25.574Z", "user": 1, "content_type": 10, "object_id": "214", "object_repr": "Heneral Chong’s (Wokwei)", "action_flag": 1, "change_message": "[{\"added\": {}}]"}}, {"model": "admin.logentry", "pk": 217, "fields": {"action_time": "2025-07-16T04:28:35.591Z", "user": 1, "content_type": 10, "object_id": "215", "object_repr": "Lechon Kawali (Wokwei)", "action_flag": 1, "change_message": "[{\"added\": {}}]"}}, {"model": "admin.logentry", "pk": 218, "fields": {"action_time": "2025-07-16T04:28:46.257Z", "user": 1, "content_type": 10, "object_id": "216", "object_repr": "Crispy Dumpling (Wokwei)", "action_flag": 1, "change_message": "[{\"added\": {}}]"}}, {"model": "admin.logentry", "pk": 219, "fields": {"action_time": "2025-07-16T04:28:55.908Z", "user": 1, "content_type": 10, "object_id": "217", "object_repr": "Lao Gan Ma (Wokwei)", "action_flag": 1, "change_message": "[{\"added\": {}}]"}}, {"model": "admin.logentry", "pk": 220, "fields": {"action_time": "2025-07-16T04:29:07.724Z", "user": 1, "content_type": 10, "object_id": "218", "object_repr": "Fried Egg (Wokwei)", "action_flag": 1, "change_message": "[{\"added\": {}}]"}}, {"model": "admin.logentry", "pk": 221, "fields": {"action_time": "2025-07-16T06:33:04.882Z", "user": 1, "content_type": 12, "object_id": "1", "object_repr": "WOKWEI10 - ₱10 (Active)", "action_flag": 1, "change_message": "[{\"added\": {}}]"}}, {"model": "admin.logentry", "pk": 222, "fields": {"action_time": "2025-07-16T09:23:18.080Z", "user": 20, "content_type": 12, "object_id": "18", "object_repr": "WOAHKWEI - ₱40 (Active)", "action_flag": 1, "change_message": "[{\"added\": {}}]"}}, {"model": "admin.logentry", "pk": 223, "fields": {"action_time": "2025-07-16T09:40:41.564Z", "user": 20, "content_type": 10, "object_id": "236", "object_repr": "Test Dish (Wokwei)", "action_flag": 3, "change_message": ""}}, {"model": "admin.logentry", "pk": 224, "fields": {"action_time": "2025-07-16T09:40:41.564Z", "user": 20, "content_type": 10, "object_id": "235", "object_repr": "Sample Dish (Wokwei)", "action_flag": 3, "change_message": ""}}, {"model": "admin.logentry", "pk": 225, "fields": {"action_time": "2025-07-16T09:40:41.564Z", "user": 20, "content_type": 10, "object_id": "219", "object_repr": "Test Item (Wokwei)", "action_flag": 3, "change_message": ""}}, {"model": "admin.logentry", "pk": 226, "fields": {"action_time": "2025-07-16T09:47:45.386Z", "user": 20, "content_type": 7, "object_id": "1", "object_repr": "S16001 - Daniel Aiken Eduardo", "action_flag": 2, "change_message": "[{\"changed\": {\"fields\": [\"Is complete\"]}}]"}}, {"model": "admin.logentry", "pk": 227, "fields": {"action_time": "2025-07-16T09:48:51.206Z", "user": 20, "content_type": 7, "object_id": "1", "object_repr": "S16001 - Daniel Aiken Eduardo", "action_flag": 2, "change_message": "[{\"changed\": {\"fields\": [\"Status\"]}}]"}}, {"model": "admin.logentry", "pk": 228, "fields": {"action_time": "2025-07-16T10:00:50.399Z", "user": 20, "content_type": 7, "object_id": "2", "object_repr": "S16002 - Sharlize Lauren Yu", "action_flag": 2, "change_message": "[{\"changed\": {\"fields\": [\"Status\", \"Is complete\"]}}]"}}, {"model": "admin.logentry", "pk": 229, "fields": {"action_time": "2025-07-16T10:10:41.326Z", "user": 9, "content_type": 7, "object_id": "3", "object_repr": "S05001 - Joaquim Reign Artes", "action_flag": 2, "change_message": "[{\"changed\": {\"fields\": [\"Status\", \"Is complete\"]}}]"}}, {"model": "admin.logentry", "pk": 230, "fields": {"action_time": "2025-07-16T10:11:49.617Z", "user": 9, "content_type": 7, "object_id": "3", "object_repr": "S05001 - Joaquim Reign Artes", "action_flag": 2, "change_message": "[{\"changed\": {\"fields\": [\"Status\", \"Is complete\"]}}]"}}, {"model": "admin.logentry", "pk": 231, "fields": {"action_time": "2025-07-16T10:15:33.614Z", "user": 9, "content_type": 7, "object_id": "3", "object_repr": "S05001 - Joaquim Reign Artes", "action_flag": 2, "change_message": "[{\"changed\": {\"fields\": [\"Status\", \"Is complete\"]}}]"}}, {"model": "admin.logentry", "pk": 232, "fields": {"action_time": "2025-07-16T10:16:13.773Z", "user": 9, "content_type": 7, "object_id": "3", "object_repr": "S05001 - Joaquim Reign Artes", "action_flag": 2, "change_message": "[{\"changed\": {\"fields\": [\"Status\", \"Is complete\"]}}]"}}, {"model": "admin.logentry", "pk": 233, "fields": {"action_time": "2025-07-16T10:16:46.725Z", "user": 9, "content_type": 7, "object_id": "3", "object_repr": "S05001 - Joaquim Reign Artes", "action_flag": 2, "change_message": "[{\"changed\": {\"fields\": [\"Status\"]}}]"}}, {"model": "admin.logentry", "pk": 234, "fields": {"action_time": "2025-07-16T10:19:17.698Z", "user": 20, "content_type": 7, "object_id": "2", "object_repr": "S16002 - Sharlize Lauren Yu", "action_flag": 2, "change_message": "[{\"changed\": {\"fields\": [\"Status\"]}}]"}}, {"model": "admin.logentry", "pk": 235, "fields": {"action_time": "2025-07-16T10:19:22.861Z", "user": 20, "content_type": 7, "object_id": "2", "object_repr": "S16002 - Sharlize Lauren Yu", "action_flag": 2, "change_message": "[{\"changed\": {\"fields\": [\"Status\"]}}]"}}, {"model": "admin.logentry", "pk": 236, "fields": {"action_time": "2025-07-16T10:20:01.569Z", "user": 20, "content_type": 7, "object_id": "1", "object_repr": "S16001 - Daniel Aiken Eduardo", "action_flag": 2, "change_message": "[{\"changed\": {\"fields\": [\"Status\", \"Is complete\"]}}]"}}, {"model": "admin.logentry", "pk": 237, "fields": {"action_time": "2025-07-16T10:20:14.366Z", "user": 20, "content_type": 7, "object_id": "1", "object_repr": "S16001 - Daniel Aiken Eduardo", "action_flag": 2, "change_message": "[{\"changed\": {\"fields\": [\"Status\", \"Is complete\"]}}]"}}, {"model": "admin.logentry", "pk": 238, "fields": {"action_time": "2025-07-16T10:23:05.105Z", "user": 20, "content_type": 7, "object_id": "1", "object_repr": "S16001 - Daniel Aiken Eduardo", "action_flag": 2, "change_message": "[{\"changed\": {\"fields\": [\"Status\"]}}]"}}, {"model": "admin.logentry", "pk": 239, "fields": {"action_time": "2025-07-16T10:23:09.950Z", "user": 20, "content_type": 7, "object_id": "1", "object_repr": "S16001 - Daniel Aiken Eduardo", "action_flag": 2, "change_message": "[{\"changed\": {\"fields\": [\"Status\"]}}]"}}, {"model": "admin.logentry", "pk": 240, "fields": {"action_time": "2025-07-16T10:26:30.930Z", "user": 20, "content_type": 7, "object_id": "4", "object_repr": "S16003 - Daniel Aiken Eduardo", "action_flag": 2, "change_message": "[{\"changed\": {\"fields\": [\"Status\"]}}]"}}, {"model": "admin.logentry", "pk": 241, "fields": {"action_time": "2025-07-16T10:32:40.761Z", "user": 20, "content_type": 7, "object_id": "4", "object_repr": "S16003 - Daniel Aiken Eduardo", "action_flag": 2, "change_message": "[{\"changed\": {\"fields\": [\"Status\"]}}]"}}, {"model": "admin.logentry", "pk": 242, "fields": {"action_time": "2025-07-16T10:32:47.103Z", "user": 20, "content_type": 7, "object_id": "4", "object_repr": "S16003 - Daniel Aiken Eduardo", "action_flag": 2, "change_message": "[{\"changed\": {\"fields\": [\"Status\"]}}]"}}, {"model": "admin.logentry", "pk": 243, "fields": {"action_time": "2025-07-16T10:41:00.000Z", "user": 20, "content_type": 7, "object_id": "4", "object_repr": "S16003 - Daniel Aiken Eduardo", "action_flag": 2, "change_message": "[{\"changed\": {\"fields\": [\"Status\"]}}]"}}, {"model": "admin.logentry", "pk": 244, "fields": {"action_time": "2025-07-16T10:41:06.176Z", "user": 20, "content_type": 7, "object_id": "4", "object_repr": "S16003 - Daniel Aiken Eduardo", "action_flag": 2, "change_message": "[{\"changed\": {\"fields\": [\"Status\"]}}]"}}, {"model": "admin.logentry", "pk": 245, "fields": {"action_time": "2025-07-16T10:43:49.070Z", "user": 20, "content_type": 7, "object_id": "4", "object_repr": "S16003 - Daniel Aiken Eduardo", "action_flag": 2, "change_message": "[{\"changed\": {\"fields\": [\"Status\"]}}]"}}, {"model": "admin.logentry", "pk": 246, "fields": {"action_time": "2025-07-16T10:43:54.395Z", "user": 20, "content_type": 7, "object_id": "4", "object_repr": "S16003 - Daniel Aiken Eduardo", "action_flag": 2, "change_message": "[{\"changed\": {\"fields\": [\"Status\"]}}]"}}, {"model": "admin.logentry", "pk": 247, "fields": {"action_time": "2025-07-16T11:58:34.844Z", "user": 20, "content_type": 8, "object_id": "16", "object_repr": "Wokwei", "action_flag": 2, "change_message": "[{\"changed\": {\"fields\": [\"Logo\"]}}]"}}, {"model": "admin.logentry", "pk": 248, "fields": {"action_time": "2025-07-16T14:06:23.702Z", "user": 1, "content_type": 10, "object_id": "234", "object_repr": "Sample Dish (Smok’d)", "action_flag": 3, "change_message": ""}}, {"model": "admin.logentry", "pk": 249, "fields": {"action_time": "2025-07-16T14:06:23.702Z", "user": 1, "content_type": 10, "object_id": "233", "object_repr": "Sample Dish (Simply)", "action_flag": 3, "change_message": ""}}, {"model": "admin.logentry", "pk": 250, "fields": {"action_time": "2025-07-16T14:06:23.702Z", "user": 1, "content_type": 10, "object_id": "232", "object_repr": "Sample Dish (Shabooga)", "action_flag": 3, "change_message": ""}}, {"model": "admin.logentry", "pk": 251, "fields": {"action_time": "2025-07-16T14:06:23.702Z", "user": 1, "content_type": 10, "object_id": "231", "object_repr": "Sample Dish (Nokoru)", "action_flag": 3, "change_message": ""}}, {"model": "admin.logentry", "pk": 252, "fields": {"action_time": "2025-07-16T14:06:23.702Z", "user": 1, "content_type": 10, "object_id": "230", "object_repr": "Sample Dish (Makan)", "action_flag": 3, "change_message": ""}}, {"model": "admin.logentry", "pk": 253, "fields": {"action_time": "2025-07-16T14:06:23.702Z", "user": 1, "content_type": 10, "object_id": "229", "object_repr": "Sample Dish (Made Italian by Hanan)", "action_flag": 3, "change_message": ""}}, {"model": "admin.logentry", "pk": 254, "fields": {"action_time": "2025-07-16T14:06:23.702Z", "user": 1, "content_type": 10, "object_id": "228", "object_repr": "Sample Dish (Lamon)", "action_flag": 3, "change_message": ""}}, {"model": "admin.logentry", "pk": 255, "fields": {"action_time": "2025-07-16T14:06:23.702Z", "user": 1, "content_type": 10, "object_id": "227", "object_repr": "Sample Dish (Komo)", "action_flag": 3, "change_message": ""}}, {"model": "admin.logentry", "pk": 256, "fields": {"action_time": "2025-07-16T14:06:23.702Z", "user": 1, "content_type": 10, "object_id": "226", "object_repr": "Sample Dish (Khao San)", "action_flag": 3, "change_message": ""}}, {"model": "admin.logentry", "pk": 257, "fields": {"action_time": "2025-07-16T14:06:23.702Z", "user": 1, "content_type": 10, "object_id": "225", "object_repr": "Sample Dish (Kebros)", "action_flag": 3, "change_message": ""}}, {"model": "admin.logentry", "pk": 258, "fields": {"action_time": "2025-07-16T14:06:23.702Z", "user": 1, "content_type": 10, "object_id": "224", "object_repr": "Sample Dish (GHE)", "action_flag": 3, "change_message": ""}}, {"model": "admin.logentry", "pk": 259, "fields": {"action_time": "2025-07-16T14:06:23.702Z", "user": 1, "content_type": 10, "object_id": "223", "object_repr": "Sample Dish (Day Off)", "action_flag": 3, "change_message": ""}}, {"model": "admin.logentry", "pk": 260, "fields": {"action_time": "2025-07-16T14:06:23.702Z", "user": 1, "content_type": 10, "object_id": "222", "object_repr": "Sample Dish (Busan Cafe)", "action_flag": 3, "change_message": ""}}, {"model": "admin.logentry", "pk": 261, "fields": {"action_time": "2025-07-16T14:06:23.702Z", "user": 1, "content_type": 10, "object_id": "221", "object_repr": "Sample Dish (Beso)", "action_flag": 3, "change_message": ""}}, {"model": "admin.logentry", "pk": 262, "fields": {"action_time": "2025-07-16T14:06:23.702Z", "user": 1, "content_type": 10, "object_id": "220", "object_repr": "Sample Dish (Baekiri)", "action_flag": 3, "change_message": ""}}, {"model": "admin.logentry", "pk": 263, "fields": {"action_time": "2025-07-16T14:21:45.795Z", "user": 1, "content_type": 8, "object_id": "17", "object_repr": "Default Stall", "action_flag": 3, "change_message": ""}}, {"model": "admin.logentry", "pk": 264, "fields": {"action_time": "2025-07-16T21:18:55.734Z", "user": 20, "content_type": 7, "object_id": "5", "object_repr": "S16004 - Daniel Aiken Eduardo", "action_flag": 2, "change_message": "[{\"changed\": {\"fields\": [\"Is paid\", \"Voucher\"]}}]"}}, {"model": "admin.logentry", "pk": 265, "fields": {"action_time": "2025-07-17T00:36:24.433Z", "user": 1, "content_type": 7, "object_id": "7", "object_repr": "S16004 - Daniel Aiken Eduardo", "action_flag": 3, "change_message": ""}}, {"model": "admin.logentry", "pk": 266, "fields": {"action_time": "2025-07-17T00:36:24.433Z", "user": 1, "content_type": 7, "object_id": "6", "object_repr": "S04001 - Wokwei Admin", "action_flag": 3, "change_message": ""}}, {"model": "admin.logentry", "pk": 267, "fields": {"action_time": "2025-07-17T00:36:24.433Z", "user": 1, "content_type": 7, "object_id": "5", "object_repr": "S16004 - Daniel Aiken Eduardo", "action_flag": 3, "change_message": ""}}, {"model": "admin.logentry", "pk": 268, "fields": {"action_time": "2025-07-17T00:36:24.433Z", "user": 1, "content_type": 7, "object_id": "4", "object_repr": "S16003 - Daniel Aiken Eduardo", "action_flag": 3, "change_message": ""}}, {"model": "admin.logentry", "pk": 269, "fields": {"action_time": "2025-07-17T00:37:05.580Z", "user": 1, "content_type": 6, "object_id": "4", "object_repr": "0000000000 - Default User", "action_flag": 3, "change_message": ""}}, {"model": "admin.logentry", "pk": 270, "fields": {"action_time": "2025-07-17T00:37:05.580Z", "user": 1, "content_type": 6, "object_id": "3", "object_repr": "230492 - Joaquim Reign Artes", "action_flag": 3, "change_message": ""}}, {"model": "admin.logentry", "pk": 271, "fields": {"action_time": "2025-07-17T00:37:31.325Z", "user": 1, "content_type": 12, "object_id": "1", "object_repr": "WOKWEI10 - ₱10.00 (Active)", "action_flag": 3, "change_message": ""}}, {"model": "auth.permission", "pk": 1, "fields": {"name": "Can add log entry", "content_type": 1, "codename": "add_logentry"}}, {"model": "auth.permission", "pk": 2, "fields": {"name": "Can change log entry", "content_type": 1, "codename": "change_logentry"}}, {"model": "auth.permission", "pk": 3, "fields": {"name": "Can delete log entry", "content_type": 1, "codename": "delete_logentry"}}, {"model": "auth.permission", "pk": 4, "fields": {"name": "Can view log entry", "content_type": 1, "codename": "view_logentry"}}, {"model": "auth.permission", "pk": 5, "fields": {"name": "Can add permission", "content_type": 2, "codename": "add_permission"}}, {"model": "auth.permission", "pk": 6, "fields": {"name": "Can change permission", "content_type": 2, "codename": "change_permission"}}, {"model": "auth.permission", "pk": 7, "fields": {"name": "Can delete permission", "content_type": 2, "codename": "delete_permission"}}, {"model": "auth.permission", "pk": 8, "fields": {"name": "Can view permission", "content_type": 2, "codename": "view_permission"}}, {"model": "auth.permission", "pk": 9, "fields": {"name": "Can add group", "content_type": 3, "codename": "add_group"}}, {"model": "auth.permission", "pk": 10, "fields": {"name": "Can change group", "content_type": 3, "codename": "change_group"}}, {"model": "auth.permission", "pk": 11, "fields": {"name": "Can delete group", "content_type": 3, "codename": "delete_group"}}, {"model": "auth.permission", "pk": 12, "fields": {"name": "Can view group", "content_type": 3, "codename": "view_group"}}, {"model": "auth.permission", "pk": 13, "fields": {"name": "Can add content type", "content_type": 4, "codename": "add_contenttype"}}, {"model": "auth.permission", "pk": 14, "fields": {"name": "Can change content type", "content_type": 4, "codename": "change_contenttype"}}, {"model": "auth.permission", "pk": 15, "fields": {"name": "Can delete content type", "content_type": 4, "codename": "delete_contenttype"}}, {"model": "auth.permission", "pk": 16, "fields": {"name": "Can view content type", "content_type": 4, "codename": "view_contenttype"}}, {"model": "auth.permission", "pk": 17, "fields": {"name": "Can add session", "content_type": 5, "codename": "add_session"}}, {"model": "auth.permission", "pk": 18, "fields": {"name": "Can change session", "content_type": 5, "codename": "change_session"}}, {"model": "auth.permission", "pk": 19, "fields": {"name": "Can delete session", "content_type": 5, "codename": "delete_session"}}, {"model": "auth.permission", "pk": 20, "fields": {"name": "Can view session", "content_type": 5, "codename": "view_session"}}, {"model": "auth.permission", "pk": 21, "fields": {"name": "Can add custom user", "content_type": 6, "codename": "add_customuser"}}, {"model": "auth.permission", "pk": 22, "fields": {"name": "Can change custom user", "content_type": 6, "codename": "change_customuser"}}, {"model": "auth.permission", "pk": 23, "fields": {"name": "Can delete custom user", "content_type": 6, "codename": "delete_customuser"}}, {"model": "auth.permission", "pk": 24, "fields": {"name": "Can view custom user", "content_type": 6, "codename": "view_customuser"}}, {"model": "auth.permission", "pk": 25, "fields": {"name": "Can add order", "content_type": 7, "codename": "add_order"}}, {"model": "auth.permission", "pk": 26, "fields": {"name": "Can change order", "content_type": 7, "codename": "change_order"}}, {"model": "auth.permission", "pk": 27, "fields": {"name": "Can delete order", "content_type": 7, "codename": "delete_order"}}, {"model": "auth.permission", "pk": 28, "fields": {"name": "Can view order", "content_type": 7, "codename": "view_order"}}, {"model": "auth.permission", "pk": 29, "fields": {"name": "Can add stall", "content_type": 8, "codename": "add_stall"}}, {"model": "auth.permission", "pk": 30, "fields": {"name": "Can change stall", "content_type": 8, "codename": "change_stall"}}, {"model": "auth.permission", "pk": 31, "fields": {"name": "Can delete stall", "content_type": 8, "codename": "delete_stall"}}, {"model": "auth.permission", "pk": 32, "fields": {"name": "Can view stall", "content_type": 8, "codename": "view_stall"}}, {"model": "auth.permission", "pk": 33, "fields": {"name": "Can add cart item", "content_type": 9, "codename": "add_cartitem"}}, {"model": "auth.permission", "pk": 34, "fields": {"name": "Can change cart item", "content_type": 9, "codename": "change_cartitem"}}, {"model": "auth.permission", "pk": 35, "fields": {"name": "Can delete cart item", "content_type": 9, "codename": "delete_cartitem"}}, {"model": "auth.permission", "pk": 36, "fields": {"name": "Can view cart item", "content_type": 9, "codename": "view_cartitem"}}, {"model": "auth.permission", "pk": 37, "fields": {"name": "Can add menu item", "content_type": 10, "codename": "add_menuitem"}}, {"model": "auth.permission", "pk": 38, "fields": {"name": "Can change menu item", "content_type": 10, "codename": "change_menuitem"}}, {"model": "auth.permission", "pk": 39, "fields": {"name": "Can delete menu item", "content_type": 10, "codename": "delete_menuitem"}}, {"model": "auth.permission", "pk": 40, "fields": {"name": "Can view menu item", "content_type": 10, "codename": "view_menuitem"}}, {"model": "auth.permission", "pk": 41, "fields": {"name": "Can add order item", "content_type": 11, "codename": "add_orderitem"}}, {"model": "auth.permission", "pk": 42, "fields": {"name": "Can change order item", "content_type": 11, "codename": "change_orderitem"}}, {"model": "auth.permission", "pk": 43, "fields": {"name": "Can delete order item", "content_type": 11, "codename": "delete_orderitem"}}, {"model": "auth.permission", "pk": 44, "fields": {"name": "Can view order item", "content_type": 11, "codename": "view_orderitem"}}, {"model": "auth.permission", "pk": 45, "fields": {"name": "Can add voucher", "content_type": 12, "codename": "add_voucher"}}, {"model": "auth.permission", "pk": 46, "fields": {"name": "Can change voucher", "content_type": 12, "codename": "change_voucher"}}, {"model": "auth.permission", "pk": 47, "fields": {"name": "Can delete voucher", "content_type": 12, "codename": "delete_voucher"}}, {"model": "auth.permission", "pk": 48, "fields": {"name": "Can view voucher", "content_type": 12, "codename": "view_voucher"}}, {"model": "contenttypes.contenttype", "pk": 1, "fields": {"app_label": "admin", "model": "logentry"}}, {"model": "contenttypes.contenttype", "pk": 2, "fields": {"app_label": "auth", "model": "permission"}}, {"model": "contenttypes.contenttype", "pk": 3, "fields": {"app_label": "auth", "model": "group"}}, {"model": "contenttypes.contenttype", "pk": 4, "fields": {"app_label": "contenttypes", "model": "contenttype"}}, {"model": "contenttypes.contenttype", "pk": 5, "fields": {"app_label": "sessions", "model": "session"}}, {"model": "contenttypes.contenttype", "pk": 6, "fields": {"app_label": "core", "model": "customuser"}}, {"model": "contenttypes.contenttype", "pk": 7, "fields": {"app_label": "core", "model": "order"}}, {"model": "contenttypes.contenttype", "pk": 8, "fields": {"app_label": "core", "model": "stall"}}, {"model": "contenttypes.contenttype", "pk": 9, "fields": {"app_label": "core", "model": "cartitem"}}, {"model": "contenttypes.contenttype", "pk": 10, "fields": {"app_label": "core", "model": "menuitem"}}, {"model": "contenttypes.contenttype", "pk": 11, "fields": {"app_label": "core", "model": "orderitem"}}, {"model": "contenttypes.contenttype", "pk": 12, "fields": {"app_label": "core", "model": "voucher"}}, {"model": "core.customuser", "pk": 1, "fields": {"password": "pbkdf2_sha256$1000000$7VpwDUEkl3NzxrioQnoMBP$dlP0cQ7OxXoSvxkeGspVQIjI4kqD4baJk4DWlxAvnKc=", "last_login": "2025-07-17T00:44:16.578Z", "is_superuser": true, "student_id": "241692", "full_name": "Daniel Aiken Eduardo", "contact_number": "09216405905", "email": "daniel.aiken.eduardo@student.ateneo.edu", "date_joined": "2025-07-15T19:24:03.649Z", "is_active": true, "is_staff": true, "blacklisted": false, "groups": [], "user_permissions": []}}, {"model": "core.customuser", "pk": 2, "fields": {"password": "pbkdf2_sha256$1000000$eNomB2vWPioB3buZJO2OKa$lqOkj3pAbpshFbxozHYwXvkCLv9XhM040J9GHBa9vjw=", "last_login": "2025-07-16T11:58:45.238Z", "is_superuser": true, "student_id": "246786", "full_name": "Sharlize Lauren Yu", "contact_number": "09175017394", "email": "sharlize.lauren.yu@student.ateneo.edu", "date_joined": "2025-07-15T19:24:57.949Z", "is_active": true, "is_staff": true, "blacklisted": false, "groups": [], "user_permissions": []}}, {"model": "core.customuser", "pk": 5, "fields": {"password": "pbkdf2_sha256$1000000$fhevYy6Y3unyh6OV40uexe$0qQBBDaefRfovyZWn/2kp+jyAdS8llh0u6O8MqdxcuY=", "last_login": null, "is_superuser": false, "student_id": "BAE123", "full_name": "Baekiri Admin", "contact_number": "09123456789", "email": "bae123@example.com", "date_joined": "2025-07-16T08:18:28.893Z", "is_active": true, "is_staff": true, "blacklisted": false, "groups": [], "user_permissions": []}}, {"model": "core.customuser", "pk": 6, "fields": {"password": "pbkdf2_sha256$1000000$zdTdnBlzAjo3g9kRXwW4MT$JigMMcVZvQ2UBkVJl1R1RP5JsOgP936tRl65gFU7kP8=", "last_login": null, "is_superuser": false, "student_id": "BES123", "full_name": "Beso Admin", "contact_number": "09123456789", "email": "bes123@example.com", "date_joined": "2025-07-16T08:18:29.025Z", "is_active": true, "is_staff": true, "blacklisted": false, "groups": [], "user_permissions": []}}, {"model": "core.customuser", "pk": 7, "fields": {"password": "pbkdf2_sha256$1000000$WGXoBOhyk0ThH4JEFdXCvv$3iVyqQe5giXAipY+f0a7W/MGWsbjJ/8JeG6Y3sJ+fGo=", "last_login": null, "is_superuser": false, "student_id": "BUS123", "full_name": "Busan Cafe Admin", "contact_number": "09123456789", "email": "bus123@example.com", "date_joined": "2025-07-16T08:18:29.154Z", "is_active": true, "is_staff": true, "blacklisted": false, "groups": [], "user_permissions": []}}, {"model": "core.customuser", "pk": 8, "fields": {"password": "pbkdf2_sha256$1000000$VNmbxj1VYVKEMZW0AT4kjm$uDByndLXd0zJnlCEpprhjdisble23w2EILHZEMgoxr0=", "last_login": "2025-07-16T21:41:31.196Z", "is_superuser": false, "student_id": "DAY123", "full_name": "Day Off Admin", "contact_number": "09123456789", "email": "day123@example.com", "date_joined": "2025-07-16T08:18:29.286Z", "is_active": true, "is_staff": true, "blacklisted": false, "groups": [], "user_permissions": []}}, {"model": "core.customuser", "pk": 9, "fields": {"password": "pbkdf2_sha256$1000000$jWUiMTDUnSW7DhLHF98Pqq$8yj+o0Rwd6s+BEWRPzJd/XWV7ysY/yiISVItoDbWxWA=", "last_login": "2025-07-16T10:15:25.194Z", "is_superuser": false, "student_id": "GHE123", "full_name": "GHE Admin", "contact_number": "09123456789", "email": "ghe123@example.com", "date_joined": "2025-07-16T08:18:29.418Z", "is_active": true, "is_staff": true, "blacklisted": false, "groups": [], "user_permissions": []}}, {"model": "core.customuser", "pk": 10, "fields": {"password": "pbkdf2_sha256$1000000$8XkA0DTTVe9VjaFjjDwrQ6$gthc1zxggajILsQhRjsl54TXU1Hmik9b8nPtB/MVTE4=", "last_login": null, "is_superuser": false, "student_id": "KEB123", "full_name": "Kebros Admin", "contact_number": "09123456789", "email": "keb123@example.com", "date_joined": "2025-07-16T08:18:29.547Z", "is_active": true, "is_staff": true, "blacklisted": false, "groups": [], "user_permissions": []}}, {"model": "core.customuser", "pk": 11, "fields": {"password": "pbkdf2_sha256$1000000$umaiNVkT8gDragIfa3Hh8j$B5VjdLQWwOG74MfixbpggLasxjJ612hAX4RDMQv3O7I=", "last_login": null, "is_superuser": false, "student_id": "KHA123", "full_name": "Khao San Admin", "contact_number": "09123456789", "email": "kha123@example.com", "date_joined": "2025-07-16T08:18:29.678Z", "is_active": true, "is_staff": true, "blacklisted": false, "groups": [], "user_permissions": []}}, {"model": "core.customuser", "pk": 12, "fields": {"password": "pbkdf2_sha256$1000000$P9TeVYpLRKjiFJYHhAnn4a$/xTtq+rnRe7P3uTtEsUzrz3N0+kVm0T2HaRKvp9Zu+Y=", "last_login": null, "is_superuser": false, "student_id": "KOM123", "full_name": "Komo Admin", "contact_number": "09123456789", "email": "kom123@example.com", "date_joined": "2025-07-16T08:18:29.809Z", "is_active": true, "is_staff": true, "blacklisted": false, "groups": [], "user_permissions": []}}, {"model": "core.customuser", "pk": 13, "fields": {"password": "pbkdf2_sha256$1000000$6hwrUx9b0r8fVCAmSaj0b8$ilnfIf9e7DcILHxTfIs1pKJhVqoFkntZxPm8lVtByJ4=", "last_login": null, "is_superuser": false, "student_id": "LAM123", "full_name": "Lamon Admin", "contact_number": "09123456789", "email": "lam123@example.com", "date_joined": "2025-07-16T08:18:29.938Z", "is_active": true, "is_staff": true, "blacklisted": false, "groups": [], "user_permissions": []}}, {"model": "core.customuser", "pk": 14, "fields": {"password": "pbkdf2_sha256$1000000$nU68hiLI7hGBEgazZ6MnSv$ItnPcp2RWroDeetUTOGeqFtSxmWA/s/y1yhkmcx9kXI=", "last_login": null, "is_superuser": false, "student_id": "MAD123", "full_name": "Made Italian by Hanan Admin", "contact_number": "09123456789", "email": "mad123@example.com", "date_joined": "2025-07-16T08:18:30.067Z", "is_active": true, "is_staff": true, "blacklisted": false, "groups": [], "user_permissions": []}}, {"model": "core.customuser", "pk": 15, "fields": {"password": "pbkdf2_sha256$1000000$BFeo5RzuuQQzqDx4s27Zn1$cfMZUp00+uKs+CpmzPlYWlqDVqBUqBU4GfAAtWZXPSE=", "last_login": null, "is_superuser": false, "student_id": "MAK123", "full_name": "Makan Admin", "contact_number": "09123456789", "email": "mak123@example.com", "date_joined": "2025-07-16T08:18:30.197Z", "is_active": true, "is_staff": true, "blacklisted": false, "groups": [], "user_permissions": []}}, {"model": "core.customuser", "pk": 16, "fields": {"password": "pbkdf2_sha256$1000000$Vqwhc8T98pilsEoYeKcych$mukPXhPkDIp8ikYJ9HHobBX7P8wj1Q0IAuvW3Z83arY=", "last_login": null, "is_superuser": false, "student_id": "NOK123", "full_name": "Nokoru Admin", "contact_number": "09123456789", "email": "nok123@example.com", "date_joined": "2025-07-16T08:18:30.328Z", "is_active": true, "is_staff": true, "blacklisted": false, "groups": [], "user_permissions": []}}, {"model": "core.customuser", "pk": 17, "fields": {"password": "pbkdf2_sha256$1000000$7CqhBk5w11PEcT1iEeApe7$8vk1f2EMz5FHi45P9zuq1vnO00TH9lUbwpFu3Ec2G1I=", "last_login": null, "is_superuser": false, "student_id": "SHA123", "full_name": "Shabooga Admin", "contact_number": "09123456789", "email": "sha123@example.com", "date_joined": "2025-07-16T08:18:30.460Z", "is_active": true, "is_staff": true, "blacklisted": false, "groups": [], "user_permissions": []}}, {"model": "core.customuser", "pk": 18, "fields": {"password": "pbkdf2_sha256$1000000$5fuKSUofljNlAmzHTSiL1A$Uw7nhZ54EPuOOEwOeBf1U+/zyGMcyL+wORAFdRiq5W8=", "last_login": null, "is_superuser": false, "student_id": "SIM123", "full_name": "Simply Admin", "contact_number": "09123456789", "email": "sim123@example.com", "date_joined": "2025-07-16T08:18:30.590Z", "is_active": true, "is_staff": true, "blacklisted": false, "groups": [], "user_permissions": []}}, {"model": "core.customuser", "pk": 19, "fields": {"password": "pbkdf2_sha256$1000000$icEfhaAdR9kUwWE2SFK0iS$cRqvrpl7B7jIvcvCmU7mM+Siw0O/DEeAEwStk1u81qk=", "last_login": null, "is_superuser": false, "student_id": "SMO123", "full_name": "Smok’d Admin", "contact_number": "09123456789", "email": "smo123@example.com", "date_joined": "2025-07-16T08:18:30.720Z", "is_active": true, "is_staff": true, "blacklisted": false, "groups": [], "user_permissions": []}}, {"model": "core.customuser", "pk": 20, "fields": {"password": "pbkdf2_sha256$1000000$6krguOfHr2X5jt9PznclBk$ezpg6spD8kWgLDm2Q89TxQZjgZyhMpA/IeBPQnzF6zI=", "last_login": "2025-07-16T23:44:18.684Z", "is_superuser": false, "student_id": "WOK123", "full_name": "Wokwei Admin", "contact_number": "09123456789", "email": "wok123@example.com", "date_joined": "2025-07-16T08:18:30.851Z", "is_active": true, "is_staff": true, "blacklisted": false, "groups": [], "user_permissions": []}}, {"model": "core.stall", "pk": 1, "fields": {"name": "Baekiri", "owner": 5, "logo_filename": "baekiri.jpg", "average_lead_time": 15, "closing_time": null}}, {"model": "core.stall", "pk": 2, "fields": {"name": "Beso", "owner": 6, "logo_filename": "beso.jpg", "average_lead_time": 15, "closing_time": null}}, {"model": "core.stall", "pk": 3, "fields": {"name": "Busan Cafe", "owner": 7, "logo_filename": "busancafe.jpg", "average_lead_time": 15, "closing_time": null}}, {"model": "core.stall", "pk": 4, "fields": {"name": "Day Off", "owner": 8, "logo_filename": "dayoff.jpg", "average_lead_time": 15, "closing_time": null}}, {"model": "core.stall", "pk": 5, "fields": {"name": "GHE", "owner": 9, "logo_filename": "ghe.jpg", "average_lead_time": 15, "closing_time": null}}, {"model": "core.stall", "pk": 6, "fields": {"name": "Kebros", "owner": 10, "logo_filename": "kebros.jpg", "average_lead_time": 15, "closing_time": null}}, {"model": "core.stall", "pk": 7, "fields": {"name": "Khao San", "owner": 11, "logo_filename": "khaosan.jpg", "average_lead_time": 15, "closing_time": null}}, {"model": "core.stall", "pk": 8, "fields": {"name": "Komo", "owner": 12, "logo_filename": "komo.jpg", "average_lead_time": 15, "closing_time": null}}, {"model": "core.stall", "pk": 9, "fields": {"name": "Lamon", "owner": 13, "logo_filename": "lamon.jpg", "average_lead_time": 15, "closing_time": null}}, {"model": "core.stall", "pk": 10, "fields": {"name": "Made Italian by Hanan", "owner": 14, "logo_filename": "madeitalianbyhanan.jpg", "average_lead_time": 15, "closing_time": null}}, {"model": "core.stall", "pk": 11, "fields": {"name": "Makan", "owner": 15, "logo_filename": "makan.jpg", "average_lead_time": 15, "closing_time": null}}, {"model": "core.stall", "pk": 12, "fields": {"name": "Nokoru", "owner": 16, "logo_filename": "nokoru.jpg", "average_lead_time": 15, "closing_time": null}}, {"model": "core.stall", "pk": 13, "fields": {"name": "Shabooga", "owner": 17, "logo_filename": "shabooga.jpg", "average_lead_time": 15, "closing_time": null}}, {"model": "core.stall", "pk": 14, "fields": {"name": "Simply", "owner": 18, "logo_filename": "simply.jpg", "average_lead_time": 15, "closing_time": null}}, {"model": "core.stall", "pk": 15, "fields": {"name": "Smok’d", "owner": 19, "logo_filename": "smokd.jpg", "average_lead_time": 15, "closing_time": null}}, {"model": "core.stall", "pk": 16, "fields": {"name": "Wokwei", "owner": 20, "logo_filename": "wokwei.jpg", "average_lead_time": 15, "closing_time": null}}, {"model": "core.menuitem", "pk": 1, "fields": {"stall": 8, "name": "Chicken Pollo Gyro Wrap", "description": "", "price": "120.00", "category": "Food"}}, {"model": "core.menuitem", "pk": 2, "fields": {"stall": 8, "name": "Beef Pollo Gyro Wrap", "description": "", "price": "149.00", "category": "Food"}}, {"model": "core.menuitem", "pk": 3, "fields": {"stall": 8, "name": "Viva La Nacho", "description": "", "price": "199.00", "category": "Food"}}, {"model": "core.menuitem", "pk": 4, "fields": {"stall": 8, "name": "Miel Ajo", "description": "", "price": "149.00", "category": "Food"}}, {"model": "core.menuitem", "pk": 5, "fields": {"stall": 8, "name": "Citrus Chicken", "description": "", "price": "149.00", "category": "Food"}}, {"model": "core.menuitem", "pk": 6, "fields": {"stall": 8, "name": "Honey-Glazed Chicken", "description": "", "price": "149.00", "category": "Food"}}, {"model": "core.menuitem", "pk": 7, "fields": {"stall": 1, "name": "Aegyo in Pancake", "description": "", "price": "130.00", "category": "Food"}}, {"model": "core.menuitem", "pk": 8, "fields": {"stall": 1, "name": "Power Chikki in Pancake", "description": "", "price": "130.00", "category": "Food"}}, {"model": "core.menuitem", "pk": 9, "fields": {"stall": 1, "name": "Healthy Yassai in Pancake", "description": "", "price": "130.00", "category": "Food"}}, {"model": "core.menuitem", "pk": 10, "fields": {"stall": 1, "name": "Chikki-Ya in Pancake", "description": "", "price": "150.00", "category": "Food"}}, {"model": "core.menuitem", "pk": 11, "fields": {"stall": 1, "name": "Aegyo in Bun", "description": "", "price": "130.00", "category": "Food"}}, {"model": "core.menuitem", "pk": 12, "fields": {"stall": 1, "name": "Power Chikki in Bun", "description": "", "price": "130.00", "category": "Food"}}, {"model": "core.menuitem", "pk": 13, "fields": {"stall": 1, "name": "Healthy Yassai in Bun", "description": "", "price": "130.00", "category": "Food"}}, {"model": "core.menuitem", "pk": 14, "fields": {"stall": 1, "name": "Chikki - Ya in Bun", "description": "", "price": "150.00", "category": "Food"}}, {"model": "core.menuitem", "pk": 15, "fields": {"stall": 1, "name": "Classic Stuffed Potato", "description": "", "price": "160.00", "category": "Food"}}, {"model": "core.menuitem", "pk": 16, "fields": {"stall": 1, "name": "Cajun Chikki Stuffed Potato", "description": "", "price": "178.00", "category": "Food"}}, {"model": "core.menuitem", "pk": 17, "fields": {"stall": 1, "name": "Baecyo Stuffed Potato", "description": "", "price": "178.00", "category": "Food"}}, {"model": "core.menuitem", "pk": 18, "fields": {"stall": 1, "name": "Curry Cheese Stuffed Potato", "description": "", "price": "178.00", "category": "Food"}}, {"model": "core.menuitem", "pk": 19, "fields": {"stall": 1, "name": "Chili Con Carne Stuffed Potato", "description": "", "price": "178.00", "category": "Food"}}, {"model": "core.menuitem", "pk": 20, "fields": {"stall": 1, "name": "Oreo Pancake Cup", "description": "", "price": "128.00", "category": "Food"}}, {"model": "core.menuitem", "pk": 21, "fields": {"stall": 1, "name": "Lotus Biscoff Pancake Cup", "description": "", "price": "150.00", "category": "Food"}}, {"model": "core.menuitem", "pk": 22, "fields": {"stall": 1, "name": "Cookie of the Week (1pc)", "description": "", "price": "80.00", "category": "Food"}}, {"model": "core.menuitem", "pk": 23, "fields": {"stall": 1, "name": "Cookies 4pc Box", "description": "", "price": "285.00", "category": "Food"}}, {"model": "core.menuitem", "pk": 24, "fields": {"stall": 1, "name": "Cookie 10pc Box", "description": "", "price": "680.00", "category": "Food"}}, {"model": "core.menuitem", "pk": 25, "fields": {"stall": 1, "name": "Iced Matcha Einspänner", "description": "", "price": "110.00", "category": "Beverage"}}, {"model": "core.menuitem", "pk": 26, "fields": {"stall": 1, "name": "Yuzu Matcha Soda", "description": "", "price": "110.00", "category": "Beverage"}}, {"model": "core.menuitem", "pk": 27, "fields": {"stall": 1, "name": "Iced Kopi", "description": "", "price": "110.00", "category": "Beverage"}}, {"model": "core.menuitem", "pk": 28, "fields": {"stall": 1, "name": "Caramel Latte", "description": "", "price": "130.00", "category": "Beverage"}}, {"model": "core.menuitem", "pk": 29, "fields": {"stall": 1, "name": "Mocha Latte", "description": "", "price": "130.00", "category": "Beverage"}}, {"model": "core.menuitem", "pk": 30, "fields": {"stall": 1, "name": "Lemon Iced Tea", "description": "", "price": "100.00", "category": "Beverage"}}, {"model": "core.menuitem", "pk": 31, "fields": {"stall": 1, "name": "Passionfruit Iced Tea", "description": "", "price": "100.00", "category": "Beverage"}}, {"model": "core.menuitem", "pk": 32, "fields": {"stall": 1, "name": "Barley Grass Health Drink", "description": "", "price": "100.00", "category": "Beverage"}}, {"model": "core.menuitem", "pk": 33, "fields": {"stall": 1, "name": "Box of 6 Bun/Pan", "description": "", "price": "736.00", "category": "Food"}}, {"model": "core.menuitem", "pk": 34, "fields": {"stall": 2, "name": "Glazed Chicken Feast", "description": "With Chimichurri Sauce", "price": "169.00", "category": "Food"}}, {"model": "core.menuitem", "pk": 35, "fields": {"stall": 2, "name": "Beef Delight with Chimichuri", "description": "With BBQ Sauce", "price": "169.00", "category": "Food"}}, {"model": "core.menuitem", "pk": 36, "fields": {"stall": 2, "name": "Beef Delight with Chimichuri", "description": "With Gravy", "price": "169.00", "category": "Food"}}, {"model": "core.menuitem", "pk": 37, "fields": {"stall": 2, "name": "Glazed Chicken Feast", "description": "With BBQ Sauce", "price": "150.00", "category": "Food"}}, {"model": "core.menuitem", "pk": 38, "fields": {"stall": 2, "name": "Glazed Chicken Feast", "description": "With Gravy", "price": "150.00", "category": "Food"}}, {"model": "core.menuitem", "pk": 39, "fields": {"stall": 2, "name": "Beef Delight with Chimichuri", "description": "With Chimichurri", "price": "169.00", "category": "Food"}}, {"model": "core.menuitem", "pk": 40, "fields": {"stall": 2, "name": "Sausage Fever", "description": "With Chimichurri", "price": "150.00", "category": "Food"}}, {"model": "core.menuitem", "pk": 41, "fields": {"stall": 2, "name": "Sausage Fever", "description": "With BBQ Sauce", "price": "150.00", "category": "Food"}}, {"model": "core.menuitem", "pk": 42, "fields": {"stall": 2, "name": "Sausage Fever", "description": "With Gravy", "price": "150.00", "category": "Food"}}, {"model": "core.menuitem", "pk": 43, "fields": {"stall": 2, "name": "Glazed Chicken Sandwich", "description": "", "price": "150.00", "category": "Food"}}, {"model": "core.menuitem", "pk": 44, "fields": {"stall": 2, "name": "Beef Delight Sandwich", "description": "", "price": "169.00", "category": "Food"}}, {"model": "core.menuitem", "pk": 45, "fields": {"stall": 2, "name": "Sausage Fever Sandwich", "description": "", "price": "150.00", "category": "Food"}}, {"model": "core.menuitem", "pk": 46, "fields": {"stall": 2, "name": "Sweet Churros", "description": "", "price": "85.00", "category": "Food"}}, {"model": "core.menuitem", "pk": 47, "fields": {"stall": 2, "name": "Buffalo Fries", "description": "", "price": "80.00", "category": "Food"}}, {"model": "core.menuitem", "pk": 48, "fields": {"stall": 2, "name": "Extra Rice", "description": "", "price": "20.00", "category": "Food"}}, {"model": "core.menuitem", "pk": 49, "fields": {"stall": 2, "name": "Chips", "description": "", "price": "20.00", "category": "Food"}}, {"model": "core.menuitem", "pk": 50, "fields": {"stall": 2, "name": "Sago’t Gulaman", "description": "", "price": "49.00", "category": "Beverage"}}, {"model": "core.menuitem", "pk": 51, "fields": {"stall": 3, "name": "Roasted Samgyupsal", "description": "", "price": "299.00", "category": "Food"}}, {"model": "core.menuitem", "pk": 52, "fields": {"stall": 3, "name": "Roasted Samgyup Kimchi Chigae", "description": "", "price": "299.00", "category": "Food"}}, {"model": "core.menuitem", "pk": 53, "fields": {"stall": 3, "name": "Roasted Samgyup Soy Bean Soup", "description": "", "price": "299.00", "category": "Food"}}, {"model": "core.menuitem", "pk": 54, "fields": {"stall": 3, "name": "Tonkotsu Rice Meal", "description": "", "price": "299.00", "category": "Food"}}, {"model": "core.menuitem", "pk": 55, "fields": {"stall": 3, "name": "Mozzarella Overload Kimchi Fried Rice", "description": "", "price": "299.00", "category": "Food"}}, {"model": "core.menuitem", "pk": 56, "fields": {"stall": 3, "name": "1988 Style Tteokbokki", "description": "", "price": "249.00", "category": "Food"}}, {"model": "core.menuitem", "pk": 57, "fields": {"stall": 3, "name": "Crispy Dumplings", "description": "", "price": "199.00", "category": "Food"}}, {"model": "core.menuitem", "pk": 58, "fields": {"stall": 3, "name": "Steamed Egg", "description": "", "price": "149.00", "category": "Food"}}, {"model": "core.menuitem", "pk": 59, "fields": {"stall": 3, "name": "Crispy French Fries", "description": "", "price": "149.00", "category": "Food"}}, {"model": "core.menuitem", "pk": 60, "fields": {"stall": 3, "name": "Ramyeon", "description": "", "price": "149.00", "category": "Food"}}, {"model": "core.menuitem", "pk": 61, "fields": {"stall": 4, "name": "Biscoff Cookie Latte", "description": "Regular", "price": "200.00", "category": "Beverage"}}, {"model": "core.menuitem", "pk": 62, "fields": {"stall": 4, "name": "Biscoff Cookie Latte", "description": "Large", "price": "220.00", "category": "Beverage"}}, {"model": "core.menuitem", "pk": 63, "fields": {"stall": 4, "name": "Purple Cloud", "description": "Regular", "price": "145.00", "category": "Beverage"}}, {"model": "core.menuitem", "pk": 64, "fields": {"stall": 4, "name": "Purple Cloud", "description": "Large", "price": "160.00", "category": "Beverage"}}, {"model": "core.menuitem", "pk": 65, "fields": {"stall": 4, "name": "Hibiscus Berry", "description": "Regular", "price": "170.00", "category": "Beverage"}}, {"model": "core.menuitem", "pk": 66, "fields": {"stall": 4, "name": "Hibiscus Berry", "description": "Large", "price": "200.00", "category": "Beverage"}}, {"model": "core.menuitem", "pk": 67, "fields": {"stall": 4, "name": "Seasalt Spanish Latte", "description": "Regular", "price": "150.00", "category": "Beverage"}}, {"model": "core.menuitem", "pk": 68, "fields": {"stall": 4, "name": "Seasalt Spanish Latte", "description": "Large", "price": "170.00", "category": "Beverage"}}, {"model": "core.menuitem", "pk": 69, "fields": {"stall": 4, "name": "Island Mocha", "description": "Regular", "price": "180.00", "category": "Beverage"}}, {"model": "core.menuitem", "pk": 70, "fields": {"stall": 4, "name": "Island Mocha", "description": "Large", "price": "200.00", "category": "Beverage"}}, {"model": "core.menuitem", "pk": 71, "fields": {"stall": 4, "name": "Cherry Vanilla Americano", "description": "Regular", "price": "160.00", "category": "Beverage"}}, {"model": "core.menuitem", "pk": 72, "fields": {"stall": 4, "name": "Cherry Vanilla Americano", "description": "Large", "price": "190.00", "category": "Beverage"}}, {"model": "core.menuitem", "pk": 73, "fields": {"stall": 4, "name": "Matcha Wave", "description": "Regular", "price": "150.00", "category": "Beverage"}}, {"model": "core.menuitem", "pk": 74, "fields": {"stall": 4, "name": "Matcha Wave", "description": "Large", "price": "170.00", "category": "Beverage"}}, {"model": "core.menuitem", "pk": 75, "fields": {"stall": 4, "name": "Strawberry Matcha Kiss", "description": "Regular", "price": "170.00", "category": "Beverage"}}, {"model": "core.menuitem", "pk": 76, "fields": {"stall": 4, "name": "Strawberry Matcha Kiss", "description": "Large", "price": "210.00", "category": "Beverage"}}, {"model": "core.menuitem", "pk": 77, "fields": {"stall": 4, "name": "Purple Matcha", "description": "Regular", "price": "160.00", "category": "Beverage"}}, {"model": "core.menuitem", "pk": 78, "fields": {"stall": 4, "name": "Purple Matcha", "description": "Large", "price": "180.00", "category": "Beverage"}}, {"model": "core.menuitem", "pk": 79, "fields": {"stall": 4, "name": "Raspberry Rendezvous", "description": "Regular", "price": "135.00", "category": "Beverage"}}, {"model": "core.menuitem", "pk": 80, "fields": {"stall": 4, "name": "Raspberry Rendezvous", "description": "Large", "price": "155.00", "category": "Beverage"}}, {"model": "core.menuitem", "pk": 81, "fields": {"stall": 4, "name": "Apple Orchard Spice", "description": "Regular", "price": "130.00", "category": "Beverage"}}, {"model": "core.menuitem", "pk": 82, "fields": {"stall": 4, "name": "Apple Orchard Spice", "description": "Large", "price": "150.00", "category": "Beverage"}}, {"model": "core.menuitem", "pk": 83, "fields": {"stall": 4, "name": "Mango Dragon", "description": "Regular", "price": "120.00", "category": "Beverage"}}, {"model": "core.menuitem", "pk": 84, "fields": {"stall": 4, "name": "Mango Dragon", "description": "Large", "price": "140.00", "category": "Beverage"}}, {"model": "core.menuitem", "pk": 85, "fields": {"stall": 5, "name": "Fish Battered Fish with Rice", "description": "", "price": "150.00", "category": "Food"}}, {"model": "core.menuitem", "pk": 86, "fields": {"stall": 5, "name": "Buttered Seafood Rice", "description": "", "price": "170.00", "category": "Food"}}, {"model": "core.menuitem", "pk": 87, "fields": {"stall": 5, "name": "Calamari Rice", "description": "", "price": "170.00", "category": "Food"}}, {"model": "core.menuitem", "pk": 88, "fields": {"stall": 5, "name": "Beef Wrap", "description": "", "price": "150.00", "category": "Food"}}, {"model": "core.menuitem", "pk": 89, "fields": {"stall": 5, "name": "Chicken Wrap", "description": "", "price": "130.00", "category": "Food"}}, {"model": "core.menuitem", "pk": 90, "fields": {"stall": 5, "name": "Beef Rice", "description": "", "price": "170.00", "category": "Food"}}, {"model": "core.menuitem", "pk": 91, "fields": {"stall": 5, "name": "Chicken Rice", "description": "", "price": "150.00", "category": "Food"}}, {"model": "core.menuitem", "pk": 92, "fields": {"stall": 5, "name": "Beef Fries", "description": "", "price": "120.00", "category": "Food"}}, {"model": "core.menuitem", "pk": 93, "fields": {"stall": 5, "name": "Chicken Fries", "description": "", "price": "100.00", "category": "Food"}}, {"model": "core.menuitem", "pk": 94, "fields": {"stall": 5, "name": "Golden Cheese Donuts", "description": "", "price": "120.00", "category": "Food"}}, {"model": "core.menuitem", "pk": 95, "fields": {"stall": 5, "name": "Powdered Donuts", "description": "", "price": "100.00", "category": "Food"}}, {"model": "core.menuitem", "pk": 96, "fields": {"stall": 5, "name": "Sangria", "description": "", "price": "79.00", "category": "Beverage"}}, {"model": "core.menuitem", "pk": 97, "fields": {"stall": 5, "name": "Mojito", "description": "", "price": "79.00", "category": "Beverage"}}, {"model": "core.menuitem", "pk": 98, "fields": {"stall": 6, "name": "Beef Bowl", "description": "", "price": "160.00", "category": "Food"}}, {"model": "core.menuitem", "pk": 99, "fields": {"stall": 6, "name": "Pepper Steak Wrap", "description": "", "price": "110.00", "category": "Food"}}, {"model": "core.menuitem", "pk": 100, "fields": {"stall": 6, "name": "One Big Beef", "description": "", "price": "150.00", "category": "Food"}}, {"model": "core.menuitem", "pk": 101, "fields": {"stall": 6, "name": "Hey Chick", "description": "", "price": "130.00", "category": "Food"}}, {"model": "core.menuitem", "pk": 102, "fields": {"stall": 6, "name": "Beefy Wrap", "description": "", "price": "100.00", "category": "Food"}}, {"model": "core.menuitem", "pk": 103, "fields": {"stall": 6, "name": "Chick ‘n Wrap", "description": "", "price": "90.00", "category": "Food"}}, {"model": "core.menuitem", "pk": 104, "fields": {"stall": 6, "name": "Iced Tea", "description": "", "price": "40.00", "category": "Beverage"}}, {"model": "core.menuitem", "pk": 105, "fields": {"stall": 6, "name": "Beef Kebab (1pc)", "description": "", "price": "65.00", "category": "Food"}}, {"model": "core.menuitem", "pk": 106, "fields": {"stall": 6, "name": "Chicken Kebab (1pc)", "description": "", "price": "55.00", "category": "Food"}}, {"model": "core.menuitem", "pk": 107, "fields": {"stall": 6, "name": "Extra Sauce", "description": "OG Garlic", "price": "15.00", "category": "Food"}}, {"model": "core.menuitem", "pk": 108, "fields": {"stall": 6, "name": "Extra Sauce", "description": "Smoking Good", "price": "15.00", "category": "Food"}}, {"model": "core.menuitem", "pk": 109, "fields": {"stall": 6, "name": "Extra Sauce", "description": "Spice Me Up", "price": "15.00", "category": "Food"}}, {"model": "core.menuitem", "pk": 110, "fields": {"stall": 6, "name": "Extra Rice", "description": "", "price": "20.00", "category": "Food"}}, {"model": "core.menuitem", "pk": 111, "fields": {"stall": 6, "name": "Extra Pita", "description": "", "price": "30.00", "category": "Food"}}, {"model": "core.menuitem", "pk": 112, "fields": {"stall": 6, "name": "Peach Tea", "description": "", "price": "50.00", "category": "Beverage"}}, {"model": "core.menuitem", "pk": 113, "fields": {"stall": 6, "name": "Hibiscus Tea", "description": "", "price": "50.00", "category": "Beverage"}}, {"model": "core.menuitem", "pk": 114, "fields": {"stall": 6, "name": "Calamansi Tea", "description": "", "price": "50.00", "category": "Beverage"}}, {"model": "core.menuitem", "pk": 115, "fields": {"stall": 6, "name": "Iced Horchata", "description": "", "price": "80.00", "category": "Beverage"}}, {"model": "core.menuitem", "pk": 116, "fields": {"stall": 6, "name": "Yogurt Lassi", "description": "", "price": "80.00", "category": "Beverage"}}, {"model": "core.menuitem", "pk": 117, "fields": {"stall": 7, "name": "Thai Milk Tea", "description": "", "price": "60.00", "category": "Beverage"}}, {"model": "core.menuitem", "pk": 118, "fields": {"stall": 7, "name": "Thai Milk Tea with Boba", "description": "", "price": "80.00", "category": "Beverage"}}, {"model": "core.menuitem", "pk": 119, "fields": {"stall": 7, "name": "Chicken Pad Thai", "description": "", "price": "150.00", "category": "Food"}}, {"model": "core.menuitem", "pk": 120, "fields": {"stall": 7, "name": "Pad Thai", "description": "", "price": "130.00", "category": "Food"}}, {"model": "core.menuitem", "pk": 121, "fields": {"stall": 7, "name": "Thai Green Curry", "description": "", "price": "140.00", "category": "Food"}}, {"model": "core.menuitem", "pk": 122, "fields": {"stall": 7, "name": "Pad Kra Pao", "description": "", "price": "130.00", "category": "Food"}}, {"model": "core.menuitem", "pk": 123, "fields": {"stall": 7, "name": "Mango Sticky Rice", "description": "", "price": "80.00", "category": "Food"}}, {"model": "core.menuitem", "pk": 124, "fields": {"stall": 7, "name": "Choco Thai Milk Tea", "description": "", "price": "100.00", "category": "Beverage"}}, {"model": "core.menuitem", "pk": 125, "fields": {"stall": 7, "name": "Choco Thai Milk Tea with Boba", "description": "", "price": "120.00", "category": "Beverage"}}, {"model": "core.menuitem", "pk": 126, "fields": {"stall": 9, "name": "Lamon Burger", "description": "", "price": "149.00", "category": "Food"}}, {"model": "core.menuitem", "pk": 127, "fields": {"stall": 9, "name": "Grilled Cheese ng Ina mo", "description": "Half", "price": "79.00", "category": "Food"}}, {"model": "core.menuitem", "pk": 128, "fields": {"stall": 9, "name": "Grilled Cheese ng Ina mo", "description": "Full", "price": "139.00", "category": "Food"}}, {"model": "core.menuitem", "pk": 129, "fields": {"stall": 9, "name": "Grilled Cheese ng Ama Mo", "description": "Half", "price": "89.00", "category": "Food"}}, {"model": "core.menuitem", "pk": 130, "fields": {"stall": 9, "name": "Grilled Cheese ng Ama Mo", "description": "Half", "price": "89.00", "category": "Food"}}, {"model": "core.menuitem", "pk": 131, "fields": {"stall": 9, "name": "Grilled Cheese ng Ama Mo", "description": "Full", "price": "149.00", "category": "Food"}}, {"model": "core.menuitem", "pk": 132, "fields": {"stall": 9, "name": "Good Ass Steak (G.A.S)", "description": "", "price": "349.00", "category": "Food"}}, {"model": "core.menuitem", "pk": 133, "fields": {"stall": 9, "name": "BLT Bowl", "description": "", "price": "149.00", "category": "Food"}}, {"model": "core.menuitem", "pk": 134, "fields": {"stall": 9, "name": "Chicken Kapow", "description": "", "price": "139.00", "category": "Food"}}, {"model": "core.menuitem", "pk": 135, "fields": {"stall": 9, "name": "Smokey Robbinson", "description": "", "price": "179.00", "category": "Food"}}, {"model": "core.menuitem", "pk": 136, "fields": {"stall": 10, "name": "Rigatoni Arrabiata", "description": "", "price": "150.00", "category": "Food"}}, {"model": "core.menuitem", "pk": 137, "fields": {"stall": 10, "name": "Truffle Cream Alfredo", "description": "", "price": "170.00", "category": "Food"}}, {"model": "core.menuitem", "pk": 138, "fields": {"stall": 10, "name": "Pollo Pesto", "description": "", "price": "160.00", "category": "Food"}}, {"model": "core.menuitem", "pk": 139, "fields": {"stall": 10, "name": "Chicken Inasal Sisig", "description": "", "price": "150.00", "category": "Food"}}, {"model": "core.menuitem", "pk": 140, "fields": {"stall": 10, "name": "Lechon Kawali Kare Kare", "description": "", "price": "170.00", "category": "Food"}}, {"model": "core.menuitem", "pk": 141, "fields": {"stall": 10, "name": "Cheesy Dynamite", "description": "", "price": "100.00", "category": "Food"}}, {"model": "core.menuitem", "pk": 142, "fields": {"stall": 10, "name": "Milky Halo-Halo", "description": "", "price": "100.00", "category": "Beverage"}}, {"model": "core.menuitem", "pk": 143, "fields": {"stall": 10, "name": "Ube Halo-Halo Scramble", "description": "", "price": "100.00", "category": "Beverage"}}, {"model": "core.menuitem", "pk": 144, "fields": {"stall": 10, "name": "Pomme Spritz", "description": "", "price": "90.00", "category": "Beverage"}}, {"model": "core.menuitem", "pk": 145, "fields": {"stall": 10, "name": "Blue Lagoon Spritz", "description": "", "price": "90.00", "category": "Beverage"}}, {"model": "core.menuitem", "pk": 146, "fields": {"stall": 10, "name": "Nonna’s Mango Tea", "description": "", "price": "90.00", "category": "Beverage"}}, {"model": "core.menuitem", "pk": 147, "fields": {"stall": 10, "name": "Sola Raspberry", "description": "", "price": "90.00", "category": "Beverage"}}, {"model": "core.menuitem", "pk": 148, "fields": {"stall": 11, "name": "Lemon Chicken", "description": "", "price": "130.00", "category": "Food"}}, {"model": "core.menuitem", "pk": 149, "fields": {"stall": 11, "name": "Soy Garlic Chicken", "description": "", "price": "130.00", "category": "Food"}}, {"model": "core.menuitem", "pk": 150, "fields": {"stall": 11, "name": "Five Spice Pork", "description": "", "price": "130.00", "category": "Food"}}, {"model": "core.menuitem", "pk": 151, "fields": {"stall": 11, "name": "Char Siu Pork", "description": "", "price": "140.00", "category": "Food"}}, {"model": "core.menuitem", "pk": 152, "fields": {"stall": 11, "name": "Hainanese Chicken", "description": "", "price": "130.00", "category": "Food"}}, {"model": "core.menuitem", "pk": 153, "fields": {"stall": 11, "name": "Mango Makan", "description": "", "price": "70.00", "category": "Beverage"}}, {"model": "core.menuitem", "pk": 154, "fields": {"stall": 11, "name": "Mango Iced Tea", "description": "", "price": "50.00", "category": "Beverage"}}, {"model": "core.menuitem", "pk": 155, "fields": {"stall": 11, "name": "Milo Dinosaur", "description": "", "price": "70.00", "category": "Beverage"}}, {"model": "core.menuitem", "pk": 156, "fields": {"stall": 11, "name": "Milo Crunch", "description": "", "price": "80.00", "category": "Beverage"}}, {"model": "core.menuitem", "pk": 157, "fields": {"stall": 11, "name": "Add Ons", "description": "Meat Only", "price": "100.00", "category": "Food"}}, {"model": "core.menuitem", "pk": 158, "fields": {"stall": 11, "name": "Add Ons", "description": "Hainanese Rice", "price": "30.00", "category": "Food"}}, {"model": "core.menuitem", "pk": 159, "fields": {"stall": 12, "name": "Katsudon", "description": "", "price": "135.00", "category": "Food"}}, {"model": "core.menuitem", "pk": 160, "fields": {"stall": 12, "name": "Chicken Curry", "description": "", "price": "120.00", "category": "Food"}}, {"model": "core.menuitem", "pk": 161, "fields": {"stall": 12, "name": "Tonkatsu", "description": "", "price": "130.00", "category": "Food"}}, {"model": "core.menuitem", "pk": 162, "fields": {"stall": 12, "name": "Chicken Teriyaki", "description": "", "price": "130.00", "category": "Food"}}, {"model": "core.menuitem", "pk": 163, "fields": {"stall": 12, "name": "Katsu Curry", "description": "", "price": "150.00", "category": "Food"}}, {"model": "core.menuitem", "pk": 164, "fields": {"stall": 12, "name": "Red Iced Tea", "description": "", "price": "40.00", "category": "Beverage"}}, {"model": "core.menuitem", "pk": 165, "fields": {"stall": 12, "name": "Takoyaki Fries", "description": "", "price": "65.00", "category": "Food"}}, {"model": "core.menuitem", "pk": 166, "fields": {"stall": 13, "name": "Beef Pares", "description": "", "price": "100.00", "category": "Food"}}, {"model": "core.menuitem", "pk": 167, "fields": {"stall": 13, "name": "Overload Beef Pares", "description": "", "price": "130.00", "category": "Food"}}, {"model": "core.menuitem", "pk": 168, "fields": {"stall": 13, "name": "Pork Sisig", "description": "", "price": "120.00", "category": "Food"}}, {"model": "core.menuitem", "pk": 169, "fields": {"stall": 13, "name": "Beach Mango", "description": "", "price": "120.00", "category": "Beverage"}}, {"model": "core.menuitem", "pk": 170, "fields": {"stall": 13, "name": "The Banana Berry", "description": "", "price": "120.00", "category": "Beverage"}}, {"model": "core.menuitem", "pk": 171, "fields": {"stall": 13, "name": "Dubai Chocolate", "description": "", "price": "120.00", "category": "Beverage"}}, {"model": "core.menuitem", "pk": 172, "fields": {"stall": 13, "name": "Mango Graham", "description": "", "price": "120.00", "category": "Beverage"}}, {"model": "core.menuitem", "pk": 173, "fields": {"stall": 13, "name": "Very Berry Peach", "description": "", "price": "120.00", "category": "Beverage"}}, {"model": "core.menuitem", "pk": 174, "fields": {"stall": 14, "name": "Caesar Salad", "description": "Half", "price": "150.00", "category": "Food"}}, {"model": "core.menuitem", "pk": 175, "fields": {"stall": 14, "name": "Caesar Salad", "description": "Whole", "price": "200.00", "category": "Food"}}, {"model": "core.menuitem", "pk": 176, "fields": {"stall": 14, "name": "Caesar Salad", "description": "Wrap", "price": "220.00", "category": "Food"}}, {"model": "core.menuitem", "pk": 177, "fields": {"stall": 14, "name": "Garlic Chicken", "description": "Half", "price": "150.00", "category": "Food"}}, {"model": "core.menuitem", "pk": 178, "fields": {"stall": 14, "name": "Garlic Chicken", "description": "Whole", "price": "200.00", "category": "Food"}}, {"model": "core.menuitem", "pk": 179, "fields": {"stall": 14, "name": "Garlic Chicken", "description": "Wrap", "price": "220.00", "category": "Food"}}, {"model": "core.menuitem", "pk": 180, "fields": {"stall": 14, "name": "Kani Mango", "description": "Half", "price": "150.00", "category": "Food"}}, {"model": "core.menuitem", "pk": 181, "fields": {"stall": 14, "name": "Kani Mango", "description": "Whole", "price": "200.00", "category": "Food"}}, {"model": "core.menuitem", "pk": 182, "fields": {"stall": 14, "name": "Kani Mango", "description": "Wrap", "price": "220.00", "category": "Food"}}, {"model": "core.menuitem", "pk": 183, "fields": {"stall": 14, "name": "Apple Cranberry Walnut", "description": "Half", "price": "150.00", "category": "Food"}}, {"model": "core.menuitem", "pk": 184, "fields": {"stall": 14, "name": "Apple Cranberry Walnut", "description": "Whole", "price": "200.00", "category": "Food"}}, {"model": "core.menuitem", "pk": 185, "fields": {"stall": 14, "name": "Apple Cranberry Walnut", "description": "Wrap", "price": "220.00", "category": "Food"}}, {"model": "core.menuitem", "pk": 186, "fields": {"stall": 14, "name": "Apple Cranberry Walnut", "description": "Half", "price": "150.00", "category": "Food"}}, {"model": "core.menuitem", "pk": 187, "fields": {"stall": 14, "name": "Apple Cranberry Walnut", "description": "Whole", "price": "200.00", "category": "Food"}}, {"model": "core.menuitem", "pk": 188, "fields": {"stall": 14, "name": "Apple Cranberry Walnut", "description": "Wrap", "price": "220.00", "category": "Food"}}, {"model": "core.menuitem", "pk": 189, "fields": {"stall": 14, "name": "Salmon Balsamic", "description": "Half", "price": "180.00", "category": "Food"}}, {"model": "core.menuitem", "pk": 190, "fields": {"stall": 14, "name": "Salmon Balsamic", "description": "Whole", "price": "240.00", "category": "Food"}}, {"model": "core.menuitem", "pk": 191, "fields": {"stall": 14, "name": "Salmon Balsamic", "description": "Wrap", "price": "260.00", "category": "Food"}}, {"model": "core.menuitem", "pk": 192, "fields": {"stall": 14, "name": "Vegan Avocado", "description": "Half", "price": "150.00", "category": "Food"}}, {"model": "core.menuitem", "pk": 193, "fields": {"stall": 14, "name": "Vegan Avocado", "description": "Whole", "price": "200.00", "category": "Food"}}, {"model": "core.menuitem", "pk": 194, "fields": {"stall": 14, "name": "Vegan Avocado", "description": "Wrap", "price": "220.00", "category": "Food"}}, {"model": "core.menuitem", "pk": 195, "fields": {"stall": 14, "name": "Asian Salmon", "description": "Half", "price": "180.00", "category": "Food"}}, {"model": "core.menuitem", "pk": 196, "fields": {"stall": 14, "name": "Asian Salmon", "description": "Whole", "price": "240.00", "category": "Food"}}, {"model": "core.menuitem", "pk": 197, "fields": {"stall": 14, "name": "Asian Salmon", "description": "Wrap", "price": "260.00", "category": "Food"}}, {"model": "core.menuitem", "pk": 198, "fields": {"stall": 14, "name": "Avocado Chicken", "description": "Half", "price": "150.00", "category": "Food"}}, {"model": "core.menuitem", "pk": 199, "fields": {"stall": 14, "name": "Avocado Chicken", "description": "Whole", "price": "200.00", "category": "Food"}}, {"model": "core.menuitem", "pk": 200, "fields": {"stall": 14, "name": "Avocado Chicken", "description": "Wrap", "price": "220.00", "category": "Food"}}, {"model": "core.menuitem", "pk": 201, "fields": {"stall": 14, "name": "Honey Dalandan", "description": "", "price": "130.00", "category": "Beverage"}}, {"model": "core.menuitem", "pk": 202, "fields": {"stall": 14, "name": "Banana Chocolate Protein", "description": "", "price": "160.00", "category": "Beverage"}}, {"model": "core.menuitem", "pk": 203, "fields": {"stall": 14, "name": "Pink Coconut Lemonade", "description": "", "price": "130.00", "category": "Beverage"}}, {"model": "core.menuitem", "pk": 204, "fields": {"stall": 15, "name": "Smoked Chicken with Garlic Rice and Egg", "description": "Full Rice or Half Rice", "price": "130.00", "category": "Food"}}, {"model": "core.menuitem", "pk": 205, "fields": {"stall": 15, "name": "Smoked Chicken with Garlic Rice and Egg", "description": "Double Rice", "price": "150.00", "category": "Food"}}, {"model": "core.menuitem", "pk": 206, "fields": {"stall": 15, "name": "Smoked Pork with Garlic Rice and Egg", "description": "Full Rice or Half Rice", "price": "130.00", "category": "Food"}}, {"model": "core.menuitem", "pk": 207, "fields": {"stall": 15, "name": "Smoked Pork with Garlic Rice and Egg", "description": "Double Rice", "price": "150.00", "category": "Food"}}, {"model": "core.menuitem", "pk": 208, "fields": {"stall": 15, "name": "Smoked Chicken Wrap", "description": "", "price": "140.00", "category": "Food"}}, {"model": "core.menuitem", "pk": 209, "fields": {"stall": 15, "name": "Smoked Pork Wrap", "description": "", "price": "140.00", "category": "Food"}}, {"model": "core.menuitem", "pk": 210, "fields": {"stall": 15, "name": "Plain Loopies", "description": "", "price": "85.00", "category": "Food"}}, {"model": "core.menuitem", "pk": 211, "fields": {"stall": 15, "name": "Dirty Fries", "description": "", "price": "115.00", "category": "Food"}}, {"model": "core.menuitem", "pk": 212, "fields": {"stall": 16, "name": "Wokwei Fried Rice", "description": "", "price": "70.00", "category": "Food"}}, {"model": "core.menuitem", "pk": 213, "fields": {"stall": 16, "name": "HK Fried Noodles", "description": "", "price": "70.00", "category": "Food"}}, {"model": "core.menuitem", "pk": 214, "fields": {"stall": 16, "name": "Heneral Chong’s", "description": "", "price": "60.00", "category": "Food"}}, {"model": "core.menuitem", "pk": 215, "fields": {"stall": 16, "name": "Lechon Kawali", "description": "", "price": "70.00", "category": "Food"}}, {"model": "core.menuitem", "pk": 216, "fields": {"stall": 16, "name": "Crispy Dumpling", "description": "", "price": "50.00", "category": "Food"}}, {"model": "core.menuitem", "pk": 217, "fields": {"stall": 16, "name": "Lao Gan Ma", "description": "", "price": "10.00", "category": "Food"}}, {"model": "core.menuitem", "pk": 218, "fields": {"stall": 16, "name": "Fried Egg", "description": "", "price": "20.00", "category": "Food"}}, {"model": "core.order", "pk": 1, "fields": {"user": 1, "stall": 16, "created_at": "2025-07-16T08:28:53Z", "status": "Ready", "pickup_time": "2025-07-16T08:43:52Z", "total_cost": "210.00", "transaction_id": "S16001", "is_paid": true, "voucher": null, "is_complete": true}}, {"model": "core.order", "pk": 2, "fields": {"user": 2, "stall": 16, "created_at": "2025-07-16T09:59:57Z", "status": "Ready", "pickup_time": "2025-07-16T10:14:56Z", "total_cost": "110.00", "transaction_id": "S16002", "is_paid": true, "voucher": 18, "is_complete": true}}, {"model": "core.orderitem", "pk": 1, "fields": {"order": 1, "item": 212, "quantity": 1, "voucher": null}}, {"model": "core.orderitem", "pk": 2, "fields": {"order": 1, "item": 214, "quantity": 1, "voucher": null}}, {"model": "core.orderitem", "pk": 3, "fields": {"order": 1, "item": 213, "quantity": 1, "voucher": null}}, {"model": "core.orderitem", "pk": 4, "fields": {"order": 1, "item": 218, "quantity": 1, "voucher": null}}, {"model": "core.orderitem", "pk": 5, "fields": {"order": 2, "item": 212, "quantity": 1, "voucher": null}}, {"model": "core.orderitem", "pk": 6, "fields": {"order": 2, "item": 214, "quantity": 1, "voucher": null}}, {"model": "core.orderitem", "pk": 7, "fields": {"order": 2, "item": 218, "quantity": 1, "voucher": null}}, {"model": "core.voucher", "pk": 2, "fields": {"stall": 1, "code": "BAEOFF", "discount_amount": "10.00", "is_active": true}}, {"model": "core.voucher", "pk": 3, "fields": {"stall": 2, "code": "BESOFF", "discount_amount": "10.00", "is_active": true}}, {"model": "core.voucher", "pk": 4, "fields": {"stall": 3, "code": "BUSOFF", "discount_amount": "10.00", "is_active": true}}, {"model": "core.voucher", "pk": 5, "fields": {"stall": 4, "code": "DAYOFF", "discount_amount": "10.00", "is_active": true}}, {"model": "core.voucher", "pk": 6, "fields": {"stall": 5, "code": "GHEOFF", "discount_amount": "10.00", "is_active": true}}, {"model": "core.voucher", "pk": 7, "fields": {"stall": 6, "code": "KEBOFF", "discount_amount": "10.00", "is_active": true}}, {"model": "core.voucher", "pk": 8, "fields": {"stall": 7, "code": "KHAOFF", "discount_amount": "10.00", "is_active": true}}, {"model": "core.voucher", "pk": 9, "fields": {"stall": 8, "code": "KOMOFF", "discount_amount": "10.00", "is_active": true}}, {"model": "core.voucher", "pk": 10, "fields": {"stall": 9, "code": "LAMOFF", "discount_amount": "10.00", "is_active": true}}, {"model": "core.voucher", "pk": 11, "fields": {"stall": 10, "code": "MADOFF", "discount_amount": "10.00", "is_active": true}}, {"model": "core.voucher", "pk": 12, "fields": {"stall": 11, "code": "MAKOFF", "discount_amount": "10.00", "is_active": true}}, {"model": "core.voucher", "pk": 13, "fields": {"stall": 12, "code": "NOKOFF", "discount_amount": "10.00", "is_active": true}}, {"model": "core.voucher", "pk": 14, "fields": {"stall": 13, "code": "SHAOFF", "discount_amount": "10.00", "is_active": true}}, {"model": "core.voucher", "pk": 15, "fields": {"stall": 14, "code": "SIMOFF", "discount_amount": "10.00", "is_active": true}}, {"model": "core.voucher", "pk": 16, "fields": {"stall": 15, "code": "SMOOFF", "discount_amount": "10.00", "is_active": true}}, {"model": "core.voucher", "pk": 17, "fields": {"stall": 16, "code": "WOKOFF", "discount_amount": "10.00", "is_active": true}}, {"model": "core.voucher", "pk": 18, "fields": {"stall": 16, "code": "WOAHKWEI", "discount_amount": "40.00", "is_active": true}}]